ドメイン,プラットフォーム,機関数,NJSS案件数,例URL
www.mod.go.jp,防衛省調達,38,866,https://www.mod.go.jp/asdf/hyakuri/acs/2-7_procurement/nyusatu_jyouhou/2026.6kekka.pdf
www.p-portal.go.jp,政府電子調達(GEPS),62,724,https://www.p-portal.go.jp/pps-web-biz/UAA01/OAA0101
www.pref.saitama.lg.jp,埼玉電子入札,24,588,https://www.pref.saitama.lg.jp/a0212/densinyusatsu/index.html
www.chotatsu.e-aichi.jp,e-Aichi,25,560,https://www.chotatsu.e-aichi.jp/ebidPPIPublish/EjPPIj#d3ebe676-8f24-4021-a215-4968729af586
www.e-procurement.metro.tokyo.lg.jp,東京都電子調達,1,530,https://www.e-procurement.metro.tokyo.lg.jp/indexPbi.jsp
www.e-tokyo.lg.jp,東京電子自治体共同運営,37,454,https://www.e-tokyo.lg.jp/choutatu_ppij/cmn/tmg/cmn/jsp/indexQ.jsp
www.bit.courts.go.jp,裁判所BIT,32,408,https://www.bit.courts.go.jp/
www.keirinwa.com,個別/不明,1,405,https://www.keirinwa.com/news/pdf/2604_event01.pdf?26041301
www.pref.akita.lg.jp,個別/不明,1,354,https://www.pref.akita.lg.jp/uploads/public/archive_0000080763_00/R%EF%BC%98/%E3%80%90%E8%B3%87%E6%96%99%EF%BC%91%E3%80%91%E8%AA%AD%E6%9B%B8%E6%B4%BB%E5%8B%95%E6%8E%A8%E9%80%B2%E4%BA%8B%E6%A5%AD%E6%A5%AD%E5%8B%99%E5%A7%94%E8%A8%97%E4%BC%81%E7%94%BB%E6%8F%90%E6%A1%88%E7%AB%B6%E6%8A%80%E5%AE%9F%E6%96%BD%E8%A6%81%E9%A0%98.pdf
www.rinya.maff.go.jp,個別/不明,4,287,https://www.rinya.maff.go.jp/tohoku/syo/aomorizimusyo/attach/pdf/nyusatujouhou-530.pdf
www.buppin.e-aichi.jp,e-Aichi,16,279,https://www.buppin.e-aichi.jp/public/pubBiddingList.do?methodName=execBiddingNotice&nend=2026&orderNum=2604172320100708547&groupCd=23201
www.keiyaku.city.osaka.lg.jp,個別/不明,1,250,http://www.keiyaku.city.osaka.lg.jp/
www.pref.ibaraki.jp,個別/不明,3,246,https://www.pref.ibaraki.jp/kaikei/kaikanri/shidositsu/chodo/denshityotatsu/top.html
dennyu.pref.kagawa.lg.jp,PPI_P,11,232,https://dennyu.pref.kagawa.lg.jp/PPI_P/?procKbn=0
www.jica.go.jp,個別/不明,1,210,https://www.jica.go.jp/about/announce/domestic/02/12/__icsFiles/afieldfile/2026/04/17/0.pdf
ebid-portal.kumamoto-idc.pref.kumamoto.jp,PPI_P,16,207,http://ebid-portal.kumamoto-idc.pref.kumamoto.jp/
www.i-ppi.jp,統合PPI,8,205,https://www.i-ppi.jp/IPPI/SearchServices/Web/Index.htm
www.city.kure.lg.jp,個別/不明,1,202,https://www.city.kure.lg.jp/~yodo/mitumori_i/index.html
kyoto.efftis.jp,efftis入札情報公開,9,179,https://kyoto.efftis.jp/26000/CALS/PPI_P/pages/Menu/ppi_p_main.vm
www.kagoshima-nyusatsu.jp,鹿児島共同,10,157,https://www.kagoshima-nyusatsu.jp/accept/index.html
www.city.itoigawa.lg.jp,個別/不明,1,155,https://www.city.itoigawa.lg.jp/uploaded/attachment/18343.pdf
www.idc.e-harp.jp,e-harp(北海道),6,146,https://www.idc.e-harp.jp/Public/PortalWeb/PublicHomeInit.do
www.city.shimonoseki.lg.jp,個別/不明,1,142,https://www.city.shimonoseki.lg.jp/uploaded/life/154599_609426_misc.pdf
e2ppiw01.e-bisc.go.jp,e-bisc(独法調達),8,138,https://e2ppiw01.e-bisc.go.jp/CALS/Publish/KokaiBunshoServlet?AnkenKanriNo=022010002026422000000668&BunshoKanriId=20
toyama.efftis.jp,efftis入札情報公開,7,136,https://toyama.efftis.jp/portal/ppi-link.html
buppinnet.pref.kochi.lg.jp,個別/不明,1,132,https://buppinnet.pref.kochi.lg.jp/bpd/bpd4110
choutatsuweb.pref.shimane.lg.jp,個別/不明,5,123,https://choutatsuweb.pref.shimane.lg.jp/SMN/PPI_P/pages/Menu/ppi_p_main_d.vm
www.pref.miyagi.jp,個別/不明,1,121,https://www.pref.miyagi.jp/documents/64562/bosyuu.pdf
www.pref.niigata.lg.jp,個別/不明,8,121,https://www.pref.niigata.lg.jp/uploaded/attachment/491256.pdf
www.t-elis.pref.oita.lg.jp,個別/不明,8,109,https://www.t-elis.pref.oita.lg.jp/DENTYO/GPPI_MENU
portal.g-cals.e-gunma.lg.jp,電子入札コアシステム,11,105,https://portal.g-cals.e-gunma.lg.jp/ebia/servlet/p?job=AcDantaiZIndex
www.pref.ishikawa.lg.jp,個別/不明,1,104,https://www.pref.ishikawa.lg.jp/kanri/cals-ec/bidding_information.html
koukan-jv.hkd.mlit.go.jp,個別/不明,3,101,https://koukan-jv.hkd.mlit.go.jp/kohyo-service/INYU0100Action.action
www.pref.ehime.jp,個別/不明,10,99,https://www.pref.ehime.jp/uploaded/attachment/175373.pdf
www.cals-shizuoka.jp,電子入札コアシステム,11,97,http://www.cals-shizuoka.jp/ec/kouji/ppi/index.htm
www.pref.osaka.lg.jp,個別/不明,1,96,https://www.pref.osaka.lg.jp/documents/123221/kouboyoryo.pdf
www.chiba-ep-bis.supercals.jp,電子入札コアシステム,11,95,https://www.chiba-ep-bis.supercals.jp/ebidPPIPublish/EjPPIj
www.city.nagano.nagano.jp,個別/不明,1,92,https://www.city.nagano.nagano.jp/documents/23810/01_20260410_152koukoku.pdf
www.city.soka.saitama.jp,個別/不明,1,92,https://www.city.soka.saitama.jp/cont/s1307/010/010/030/kanikyousour8-3.pdf
www.pref.fukui.lg.jp,個別/不明,7,91,https://www.pref.fukui.lg.jp/doc/kaikei/buppin.html
www.pref.gunma.jp,個別/不明,1,84,https://www.pref.gunma.jp/uploaded/attachment/698429.pdf
www.city.kawasaki.jp,個別/不明,4,84,https://www.city.kawasaki.jp/233300/index.html
www.city.sendai.jp,個別/不明,2,83,https://www.city.sendai.jp/miyagino-shinko/propo/kasseikakentou.html
www2.nyusatsu.city.kyoto.lg.jp,個別/不明,2,83,https://www2.nyusatsu.city.kyoto.lg.jp/keiyaku/ebid/buppin/2026/408573.htm
www.pref.mie.lg.jp,個別/不明,2,82,https://www.pref.mie.lg.jp/NYUSATSU/m0046500005_000040007.htm
3886ab23.viewer.kintoneapp.com,kintone公開,1,81,https://3886ab23.viewer.kintoneapp.com/public/d6766214090c6f21a39986bc841a744c06db46dcdfd0fd9ba0017f03276a0b30
www.pref.miyazaki.lg.jp,個別/不明,1,81,https://www.pref.miyazaki.lg.jp/documents/107882/107882_20260410132531-1.pdf
keiyaku.city.okayama.jp,個別/不明,1,77,https://keiyaku.city.okayama.jp/keiyaku/servlet/KEBU.KEBUTSU_S020?SelBuppinNo=2026004763&kind=2
cals05.pref.akita.lg.jp,電子入札コアシステム,4,77,https://cals05.pref.akita.lg.jp/ecydeen/do/tosyo?u1=0940064006C00600060006A006C006A0
chotatsu.pref.hiroshima.lg.jp,個別/不明,4,68,https://chotatsu.pref.hiroshima.lg.jp/
www.pref.fukuoka.lg.jp,個別/不明,1,67,https://www.pref.fukuoka.lg.jp/bid-info/onehealthnomori-evidence.html
www.city.yao.osaka.jp,個別/不明,1,66,https://www.city.yao.osaka.jp/sangyou_business/nyuusatsu_keiyaku/1011623/1011624/1011626.html
www.cals.pref.yamanashi.lg.jp,電子入札コアシステム,1,64,https://www.cals.pref.yamanashi.lg.jp/
www.koubai.nta.go.jp,個別/不明,1,64,https://www.koubai.nta.go.jp/auctionx/public/hp0201.php?kyoku_no=02001&koubai_nendo=2025&koubai_no=40&koubai_kind=2&baikyaku_no=19710001
www.city.higashihiroshima.lg.jp,個別/不明,1,64,https://www.city.higashihiroshima.lg.jp/material/files/group/77/bussisenteiR8_7-9.pdf
www.pref.shiga.lg.jp,個別/不明,1,63,https://www.pref.shiga.lg.jp/zigyousya/nyusatsubaikyaku/kouzi/300177.html
ppi.ebid-kouji-gyoumu.pref.nara.jp,個別/不明,1,62,https://ppi.ebid-kouji-gyoumu.pref.nara.jp/DENCHO/PPJ/PPJ0020_0010/
www.pref.saga.lg.jp,個別/不明,1,61,https://www.pref.saga.lg.jp/kiji003119026/index.html
www.kanpo.go.jp,個別/不明,1,61,https://www.kanpo.go.jp/20260501/20260501c00080/20260501c000800120f.html
www.water.go.jp,個別/不明,6,61,https://www.water.go.jp/honsya/honsya/keiyaku/chotatsu/tekiseika/pdf/R0803_koujikyousou.pdf
www.city.sapporo.jp,個別/不明,5,59,https://www.city.sapporo.jp/zaisei/keiyaku-kanri/seido/nyusatsujoho/
www.city.fukuoka.lg.jp,個別/不明,1,58,https://www.city.fukuoka.lg.jp/fukushi/zaitakushien/business/documents/00_bosyuuyoukou.pdf
ebid-joho.e-kanagawa.lg.jp,個別/不明,6,58,https://ebid-joho.e-kanagawa.lg.jp/DENTYO/GPPI_MENU
www.city.nagasaki.lg.jp,個別/不明,1,57,https://www.city.nagasaki.lg.jp/jigyo/320000/321000/p023272.html
www.pref.okayama.jp,個別/不明,2,57,https://www.pref.okayama.jp/uploaded/life/1033008_9992893_misc.pdf
www2.njss.info,個別/不明,6,56,https://www2.njss.info/redirectExternalLink?to=
www.pref.nagano.lg.jp,個別/不明,2,55,https://www.pref.nagano.lg.jp/zerocarbon/proposal/documents/koukoku.pdf
www.pref.chiba.lg.jp,個別/不明,1,53,https://www.pref.chiba.lg.jp/tosei/press/2025/080220-kaneda.html
www.pref.tochigi.lg.jp,個別/不明,1,52,https://www.pref.tochigi.lg.jp/f05/kaigaiyukyaku/documents/20260327105015.pdf
www.city.kameyama.mie.jp,個別/不明,1,52,https://www.city.kameyama.mie.jp/shisei/2026042800017/
ppi.cals-ibaraki.lg.jp,電子入札コアシステム,8,50,http://ppi.cals-ibaraki.lg.jp/koukai/do/KF001ShowAction
www.pref.fukushima.lg.jp,個別/不明,2,49,https://www.pref.fukushima.lg.jp/uploaded/attachment/740651.pdf
www.city.kumamoto.jp,個別/不明,1,48,https://www.city.kumamoto.jp/kiji00370300/3_70300_498013_up_66wc7czx.pdf
www.city.osaka.lg.jp,個別/不明,8,48,https://www.city.osaka.lg.jp/shobo/cmsfiles/contents/0000023/23091/R08hacchu04.pdf
www.e-nyusatsu-portal.pref.miyazaki.lg.jp,個別/不明,7,47,https://www.e-nyusatsu-portal.pref.miyazaki.lg.jp/main/
www.fra.go.jp,個別/不明,1,46,https://www.fra.go.jp/home/keiyaku/chotatsu_joho/r08/nyusatsu/files/00101_20260210_2.pdf
www.city.kurashiki.okayama.jp,個別/不明,1,46,https://www.city.kurashiki.okayama.jp/_res/projects/default_project/_page_/001/024/387/052001.pdf
nyusatsu-joho.e-kanagawa.lg.jp,個別/不明,5,46,https://nyusatsu-joho.e-kanagawa.lg.jp/DENTYO/Com_P9505_1042Servlet?id=0510&kanrino=0341060040020260030
www.pref.aomori.lg.jp,個別/不明,1,45,https://www.pref.aomori.lg.jp/soshiki/kankyo/energy/files/R8_yoryo_hatsuden.pdf
www.pref.toyama.jp,個別/不明,1,45,https://www.pref.toyama.jp/documents/53872/02_r8yoryo.pdf
www.town.mikata-kami.lg.jp,個別/不明,1,45,https://www.town.mikata-kami.lg.jp/material/files/group/2/siteikanri20260401.pdf
www.uwajima-mh.jp,個別/不明,1,44,https://www.uwajima-mh.jp/info/wp-content/uploads/2026/05/07ca79459cff7c1b1e07d5512711d9f2.pdf
www.town.miyaki.lg.jp,個別/不明,1,42,https://www.town.miyaki.lg.jp/var/rev0/0029/3888/126515111857.pdf
www.city.anjo.aichi.jp,個別/不明,1,41,https://www.city.anjo.aichi.jp/shisei/dijital-human-propo.html
www.city.edogawa.tokyo.jp,個別/不明,1,40,https://www.city.edogawa.tokyo.jp/e016/shigotosangyo/proposal/kobo/r8_no_fukei.html
www.pref.tokushima.lg.jp,個別/不明,1,39,https://www.pref.tokushima.lg.jp/jigyoshanokata/nyusatsu/itaku/7303709/
db.pref.tottori.jp,個別/不明,1,39,http://db.pref.tottori.jp/HacchuKoukai2.nsf/list1_forweb/8F80E6D599C363E449258DDF002680D3?OpenDocument
www.pref.yamaguchi.lg.jp,個別/不明,2,39,https://www.pref.yamaguchi.lg.jp/soshiki/127/23376.html
www.pref.oita.jp,個別/不明,1,37,https://www.pref.oita.jp/uploaded/life/2336487_4716595_misc.pdf
www.pref.okinawa.jp,個別/不明,1,37,https://www.pref.okinawa.jp/shigoto/nyusatsukeiyaku/1015342/index.html
ppi.keiyaku.city.hiroshima.lg.jp,PPI_P,2,37,https://ppi.keiyaku.city.hiroshima.lg.jp/PPI_P/
www.city.tottori.lg.jp,個別/不明,1,36,https://www.city.tottori.lg.jp/uploaded/attachment/47634.pdf
www.ppi.e-nagano.lg.jp,個別/不明,6,36,https://www.ppi.e-nagano.lg.jp/ebidPPIPublish/EjPPIj?KikanNO=2020200
,個別/不明,2,33,
ppi.pref.kochi.lg.jp,個別/不明,7,32,https://ppi.pref.kochi.lg.jp/portal/
www.city.kitakyushu.lg.jp,個別/不明,1,31,https://www.city.kitakyushu.lg.jp/files/001201743.pdf
www.city.kurume.fukuoka.jp,個別/不明,1,31,https://www.city.kurume.fukuoka.jp/1090sangyou/2010nyuusatsu/3110proposal/files/model_jisiyoukou.pdf
www.ntj.jac.go.jp,個別/不明,1,31,https://www.ntj.jac.go.jp/assets/files/03_chotatsu/kouhyou/R7/R8_3/lc260301_3-2.pdf
www.city.okazaki.lg.jp,個別/不明,1,30,https://www.city.okazaki.lg.jp/_res/projects/default_project/_page_/001/014/837/jishiyoryo.pdf
www.city.yokosuka.kanagawa.jp,個別/不明,1,30,https://www.city.yokosuka.kanagawa.jp/0533/nyuusatu/documents/02_r8_instagram_guideline.pdf
www.nedo.go.jp,個別/不明,1,29,https://www.nedo.go.jp/koubo/CD2_100425.html
www.rumoi.pref.hokkaido.lg.jp,個別/不明,1,29,https://www.rumoi.pref.hokkaido.lg.jp/fs/1/3/1/4/0/1/3/7/_/5.21%E5%AE%9A%E6%99%82%E8%A6%8B%E7%A9%8D%E7%9B%AE%E9%8C%B2(%E8%A2%AB%E6%9C%8D.%E7%95%99%E8%90%8C1%E3%80%812).pdf
www.e-bid.city.nagaoka.niigata.jp,個別/不明,1,29,http://www.e-bid.city.nagaoka.niigata.jp/public/
www.city.shimabara.lg.jp,個別/不明,1,29,https://www.city.shimabara.lg.jp/nyusatsu/nyusatsukekka/koji/20260513/010370.html
www.pref.shizuoka.jp,個別/不明,1,28,https://www.pref.shizuoka.jp/_res/projects/default_project/_page_/001/078/951/080414-715.pdf
www.city.himi.toyama.jp,個別/不明,1,28,https://www.city.himi.toyama.jp/material/files/group/11/20260428simeiitiranbe.pdf
www.city.gifu.lg.jp,個別/不明,1,28,https://www.city.gifu.lg.jp/_res/projects/default_project/_page_/001/039/159/r8_02k.pdf
www.city.tachikawa.lg.jp,個別/不明,1,28,https://www.city.tachikawa.lg.jp/_res/projects/default_project/_page_/001/026/851/zisshiyouryo.pdf
www.city.akita.lg.jp,個別/不明,1,27,https://www.city.akita.lg.jp/jigyosha/sonota-nyusatsu-keiyaku/1051262.html
e-bid.nyusatsu.ebid-osaka.jp,個別/不明,5,27,https://e-bid.nyusatsu.ebid-osaka.jp/
stage.tksc.jaxa.jp,個別/不明,1,25,https://stage.tksc.jaxa.jp/compe/zui/index_zui.html
www.aist.go.jp,個別/不明,1,25,https://www.aist.go.jp/Portals/0/resource_images/aist_j/procure/zuikei/pdf/itakukenkyu2603.pdf
www.city.himeji.lg.jp,個別/不明,1,25,https://www.city.himeji.lg.jp/sangyo/cmsfiles/contents/0000017/17303/jogesui20260331.pdf
www.town.saitama-miyoshi.lg.jp,個別/不明,1,24,https://www.town.saitama-miyoshi.lg.jp/town/keikaku/koukyoushisetsu-kihonkeikaku-kaitei-proposal.html
densieturan1.pref.fukushima.jp,個別/不明,2,24,https://densieturan1.pref.fukushima.jp/juchu/JK01-01.shtml
www.city.miyazaki.miyazaki.jp,個別/不明,1,23,https://www.city.miyazaki.miyazaki.jp/fs/8/7/5/6/3/2/_/01___________________.pdf
www.city.hirosaki.aomori.jp,個別/不明,1,23,https://www.city.hirosaki.aomori.jp/jouhou/keiyaku/2021-0205-1742-442.html
www.city.kakegawa.shizuoka.jp,個別/不明,1,23,https://www.city.kakegawa.shizuoka.jp/fs/6/3/1/7/6/5/_/20329_____.pdf
www.rokkasho.jp,個別/不明,1,23,"https://www.rokkasho.jp/index.cfm/14,16652,c,html/16652/20260522-114912.pdf"
www.hiyama.pref.hokkaido.lg.jp,個別/不明,1,22,https://www.hiyama.pref.hokkaido.lg.jp/ts/sum/teiji.html
www.city.suzuka.lg.jp,個別/不明,1,22,https://www.city.suzuka.lg.jp/sangyo/nyusatsu/1012167/1003585/1003586.html
www.city.tamba.lg.jp,個別/不明,1,22,https://www.city.tamba.lg.jp/material/files/group/20/0415kouji.pdf
www.town.tohoku.lg.jp,個別/不明,1,22,https://www.town.tohoku.lg.jp/sangyou/nyusatsu/file/n_kekka_r08-0603-02.pdf
www.city.saga.lg.jp,個別/不明,1,21,https://www.city.saga.lg.jp/main/116525.html
www.city.kasugai.lg.jp,個別/不明,1,21,https://www.city.kasugai.lg.jp/shisei/shisetsu/kouminkan/1010662/1036253.html
www.city.ryugasaki.ibaraki.jp,個別/不明,1,21,https://www.city.ryugasaki.ibaraki.jp/jigyosha/nyusatsu/shiyousyo/consul.html
www.city.kanuma.tochigi.jp,個別/不明,1,21,https://www.city.kanuma.tochigi.jp/manage/contents/upload/69f2e3f0d876b.pdf
www.chotatsu.city.nagoya.jp,個別/不明,1,20,https://www.chotatsu.city.nagoya.jp/ejpkg/EjPPIj
www4.city.kanazawa.lg.jp,個別/不明,1,20,https://www4.city.kanazawa.lg.jp/sangyo_business/nyusatsu_keiyaku/denshinyusatsu/11272.html
www.shugiin.go.jp,個別/不明,1,20,https://www.shugiin.go.jp/internet/itdb_annai.nsf/html/statics/choutatsu/eizendenki/pdf/080525R8servis-optional.pdf/$File/080525R8servis-optional.pdf
www.city.yokkaichi.lg.jp,個別/不明,1,19,https://www.city.yokkaichi.lg.jp/www/contents/1774328816468/files/anmachiyouryou.pdf
www.city.kamaishi.iwate.jp,個別/不明,1,19,https://www.city.kamaishi.iwate.jp/docs/2026052500037/file_contents/20260525-1.pdf
www.nta.go.jp,個別/不明,1,19,https://www.nta.go.jp/about/organization/hiroshima/procurement/page_00022.html
www.city.sagamihara.kanagawa.jp,個別/不明,1,18,https://www.city.sagamihara.kanagawa.jp/sangyo/1026667/1034880.html
keiyaku.city.yokohama.lg.jp,個別/不明,1,18,https://keiyaku.city.yokohama.lg.jp/epco/servlet/p?job=NyusatsuKeiyakuKekkaBuppinSearch
ppi.cals.pref.yamagata.jp,電子入札コアシステム,1,18,https://ppi.cals.pref.yamagata.jp/PPI/JS03-01.shtml
www.city.kochi.kochi.jp,個別/不明,1,18,https://www.city.kochi.kochi.jp/uploaded/attachment/177581.pdf
www.city.shibata.lg.jp,個別/不明,1,18,https://www.city.shibata.lg.jp/_res/projects/default_project/_page_/001/031/367/kobetsukoukokur8-43.pdf
www.city.onomichi.hiroshima.jp,個別/不明,1,17,https://www.city.onomichi.hiroshima.jp/uploaded/life/89903_251505_misc.pdf
www.city.toyota.aichi.jp,個別/不明,1,17,https://www.city.toyota.aichi.jp/_res/projects/default_project/_page_/001/075/970/01.pdf
town.takinoue.hokkaido.jp,個別/不明,1,17,https://town.takinoue.hokkaido.jp/chosei/20200327/nyuusatueturan/20260422.html
www.osaka-env-paa.jp,個別/不明,1,17,https://www.osaka-env-paa.jp/nyusatsu/koji/document/tokuzui-kouji-R08-4_260521.pdf
www.city.yamato.lg.jp,個別/不明,1,17,https://www.city.yamato.lg.jp/gyosei/soshik/24/kankyo/keikaku_hoshin/jyu/21712.html
www.city.izumisano.lg.jp,個別/不明,1,17,https://www.city.izumisano.lg.jp/material/files/group/47/10_rinnkuu_rotari_doboku_c1.pdf
tenkai.jaea.go.jp,個別/不明,1,17,https://tenkai.jaea.go.jp/agreement/bid/files/20260522_030.pdf
www.city.kyotango.lg.jp,個別/不明,1,17,https://www.city.kyotango.lg.jp/top/soshiki/somu/nyusatsu/1/3/2807.html
www.to-kousya.or.jp,個別/不明,1,17,https://www.to-kousya.or.jp/keiyaku/nyusatu/
sakai.efftis.jp,efftis入札情報公開,1,16,https://sakai.efftis.jp/ebid01/PPI/Public/PPUBC00100
www.city.tanabe.lg.jp,個別/不明,1,16,https://www.city.tanabe.lg.jp/keiyaku/nyusatu-keiyaku/tanabeshi_denshinyusatsu.html
www.city.sabae.fukui.jp,個別/不明,1,16,https://www.city.sabae.fukui.jp/about_city/bid/sonotanyusatsu/reiwa8seigen/Zaimu01202605022046.files/20260521_01koukoku.pdf
www.city.ogaki.lg.jp,個別/不明,1,16,https://www.city.ogaki.lg.jp/cmsfiles/contents/0000070/70338/38.pdf
www.nyusatsu.pref.hyogo.jp,個別/不明,1,16,https://www.nyusatsu.pref.hyogo.jp/
www.town.urakawa.hokkaido.jp,個別/不明,1,16,https://www.town.urakawa.hokkaido.jp/assets/images/news/news_20260518_112315.pdf
www.city.otsu.lg.jp,個別/不明,1,15,https://www.city.otsu.lg.jp/material/files/group/8/2koukoku20260327.pdf
www.town.sango.nara.jp,個別/不明,1,15,https://www.town.sango.nara.jp/soshiki/4/3886.html
www.city.kusatsu.shiga.jp,個別/不明,1,15,https://www.city.kusatsu.shiga.jp/kurashi/sangyobusiness/nyusatsu/denshinyusatsu/denshinyusatsu.html
www.city.tome.miyagi.jp,個別/不明,1,15,https://www.city.tome.miyagi.jp/kaikei/shisejoho/nyusatsukeyaku/system/denshinyusatsu-potal/index.html
www.city.saikai.nagasaki.jp,個別/不明,1,15,https://www.city.saikai.nagasaki.jp/soshiki/somu/1_1/11210.html
www.city.konan.lg.jp,個別/不明,1,15,https://www.city.konan.lg.jp/_res/projects/default_project/_page_/001/004/525/r8.4..kekka.pdf
www.city.tochigi.lg.jp,個別/不明,1,15,https://www.city.tochigi.lg.jp/soshiki/11/24760.html
www.city.nagareyama.chiba.jp,個別/不明,1,15,https://www.city.nagareyama.chiba.jp/business/1005422/1005514/1006560/1054378.html
www.nyusatsu.e-hyogo.jp,個別/不明,4,15,https://www.nyusatsu.e-hyogo.jp/ebidPPIPublish/EjPPIj
www.city.funabashi.lg.jp,個別/不明,1,14,https://www.city.funabashi.lg.jp/jigyou/nyusatsu/001/p144950_d/fil/jisshiyouryou.pdf
www.tomiya-city.miyagi.jp,個別/不明,1,14,https://www.tomiya-city.miyagi.jp/uploads/pdf/43657b092c3d5039007309f7ac99b3cc7be7c048.pdf
www.city.takashima.lg.jp,個別/不明,1,14,https://www.city.takashima.lg.jp/soshiki/somubu/keiyakukensaka/1/1/1519.html
www.city.kaga.ishikawa.jp,個別/不明,1,14,https://www.city.kaga.ishikawa.jp/soshiki/somu/1/10/2188.html
www.dokyoi.pref.hokkaido.lg.jp,個別/不明,1,14,https://www.dokyoi.pref.hokkaido.lg.jp/fs/1/3/1/4/0/9/8/6/_/%E3%83%9B%E3%83%BC%E3%83%A0%E3%83%9A%E3%83%BC%E3%82%B8%E8%B2%BC%E3%82%8A%E3%81%A4%E3%81%91%E7%94%A8(%E8%A6%8B%E7%A9%8D%E7%9B%AE%E9%8C%B2).pdf
www.sorachi.pref.hokkaido.lg.jp,個別/不明,1,14,https://www.sorachi.pref.hokkaido.lg.jp/fs/1/3/1/4/0/4/7/3/_/0518_%E8%A6%8B%E7%A9%8D%E7%9B%AE%E9%8C%B2.zip
www.city.ikoma.lg.jp,個別/不明,1,14,https://www.city.ikoma.lg.jp/cmsfiles/contents/0000041/41400/X1301.pdf
www.police.pref.hyogo.lg.jp,個別/不明,1,13,https://www.police.pref.hyogo.lg.jp/chotatu/open_data/2026/261/2613/2613203.pdf
www.city.minamata.lg.jp,個別/不明,1,13,https://www.city.minamata.lg.jp/kiji0034176/3_4176_up_6kpgz6uj.pdf
www.e-nyusatsu.pref.osaka.jp,個別/不明,1,13,https://www.e-nyusatsu.pref.osaka.jp/CALS/Publish/EbController?Shori=SmallKokokuInfo
www.city.wakayama.wakayama.jp,個別/不明,1,13,https://www.city.wakayama.wakayama.jp/_res/projects/default_project/_page_/001/067/435/83ponpusha/83-1ponpu-kokoku.pdf
www.daisen.jp,個別/不明,1,13,https://www.daisen.jp/10/34/1/2/e146/c839/
www.city.yamagata-yamagata.lg.jp,個別/不明,1,13,https://www.city.yamagata-yamagata.lg.jp/jigyosya/nyusatsu/1006743/1015196/1002519.html
utsunomiya.jcho.go.jp,個別/不明,1,13,https://utsunomiya.jcho.go.jp/wp-content/uploads/2026/05/%E9%9A%8F%E6%84%8F%E5%A5%91%E7%B4%84-2.pdf
www.city.chikushino.fukuoka.jp,個別/不明,1,13,https://www.city.chikushino.fukuoka.jp/soshiki/6/51205.html
www.kyoto-u.ac.jp,個別/不明,1,13,https://www.kyoto-u.ac.jp/sites/default/files/inline-files/kohyo-2603-20260515-85f5757880229f3f8e3d51f6e51b3b90.pdf
www.city.makurazaki.lg.jp,個別/不明,1,13,https://www.city.makurazaki.lg.jp/uploaded/attachment/21929.pdf
www.e-okayama.t-elbs.jp,個別/不明,3,13,https://www.e-okayama.t-elbs.jp/dantai-select.html
www.city.shizuoka.lg.jp,個別/不明,1,12,https://www.city.shizuoka.lg.jp/documents/55638/jisshiyouryou.pdf
www.city.takeo.lg.jp,個別/不明,1,12,https://www.city.takeo.lg.jp/E_nyusatsu/index.html
www.city.fuji.shizuoka.jp,個別/不明,1,12,https://www.city.fuji.shizuoka.jp/documents/16431/koukoku78.pdf
www.town.setana.lg.jp,個別/不明,1,12,https://www.town.setana.lg.jp/742c7894db2955f716c1ed7e9b4c9aa6.pdf
www.city.maibara.lg.jp,個別/不明,1,12,https://www.city.maibara.lg.jp/sangyo/nyusatu/denshi/5727.html
www.jswa.go.jp,個別/不明,1,12,https://www.jswa.go.jp/bid/nyusatsu/control/top.php
www.town.kawagoe.mie.jp,個別/不明,1,12,https://www.town.kawagoe.mie.jp/_res/projects/default_project/_page_/001/004/066/ekimaehiroba0424.pdf
www.naro.go.jp,個別/不明,1,12,https://www.naro.go.jp/supply/estimate/0501/175922.html
www.city.kushiro.lg.jp,個別/不明,1,11,https://www.city.kushiro.lg.jp/sangyou/nyuusatsu/1006670/1008393/1018810.html
www.city.niigata.lg.jp,個別/不明,1,11,https://www.city.niigata.lg.jp/business/keiyaku/nyusatsu/nyusatsu/nyusatsukokoku.html
www.city.aizuwakamatsu.fukushima.jp,個別/不明,1,11,https://www.city.aizuwakamatsu.fukushima.jp/docs/2015013000105/
www.town.hisayama.fukuoka.jp,個別/不明,1,11,https://www.town.hisayama.fukuoka.jp/soshiki/somu/gyomu/nyusatsu_keiyaku/nyusatsu/3858.html
www.city.nagaokakyo.lg.jp,個別/不明,1,11,https://www.city.nagaokakyo.lg.jp/html/keiyaku/2026/koukoku/siyou/30010.html
www.bureau.tohoku.ac.jp,個別/不明,1,11,https://www.bureau.tohoku.ac.jp/keiyaku/kouhyou/publication/202603z.pdf
www.police.pref.nagasaki.jp,個別/不明,1,11,https://www.police.pref.nagasaki.jp/police/wp-content/uploads/2026/05/8351139d879fdd1bed621545a3ccb0f1-2.pdf
company.jra.jp,個別/不明,1,11,https://company.jra.jp/7406/etc/etc02/chotatsu_g/koubo/08/0805/kobo-skikaku-0525.pdf
www.maff.go.jp,個別/不明,3,11,https://www.maff.go.jp/kinki/soumu/kaikei/order/attach/pdf/open_counter-6229.pdf
www.city.yanagawa.fukuoka.jp,個別/不明,1,10,https://www.city.yanagawa.fukuoka.jp/sangyo/nyusatsu/kensetsukoji/denshinyusatsu/kensetsukoji_denshinyusatsu.html
www.city.tokoname.aichi.jp,個別/不明,1,10,https://www.city.tokoname.aichi.jp/_res/projects/default_project/_page_/001/006/853/R8youryou.pdf
www.city.matsusaka.mie.jp,個別/不明,1,10,https://www.city.matsusaka.mie.jp/soshiki/10/login02.html
www.city.kuwana.lg.jp,個別/不明,1,10,https://www.city.kuwana.lg.jp/keiyaku/shigoto/nyuusatsu/32-79072-265.html
www.town.nakanoto.ishikawa.jp,個別/不明,1,10,https://www.town.nakanoto.ishikawa.jp/material/files/group/3/20260519.pdf
www.city.dazaifu.lg.jp,個別/不明,1,10,https://www.city.dazaifu.lg.jp/soshiki/2/26797.html
www.police.pref.chiba.jp,個別/不明,1,10,https://www.police.pref.chiba.jp/content/common/000073274.pdf
www.city.iizuka.lg.jp,個別/不明,1,10,https://www.city.iizuka.lg.jp/keyaku/dennsipo-taru.html
www.town.shika.lg.jp,個別/不明,1,10,https://www.town.shika.lg.jp/jouhou/kaisou_settei/gyouseisesaku/bid_contract/densinyuusatu.html
www.city.hanamaki.iwate.jp,個別/不明,1,10,https://www.city.hanamaki.iwate.jp/business/nyusatsu_keiyaku/1019911/1013276.html
www.epi-cloud.fwd.ne.jp,個別/不明,3,10,https://www.epi-cloud.fwd.ne.jp/koukai/do/KF001ShowAction?name1=062006A007200640
wwwtb.mlit.go.jp,個別/不明,3,10,https://wwwtb.mlit.go.jp/kanto/content/000374494.pdf
www.kyoukaikenpo.or.jp,個別/不明,3,10,https://www.kyoukaikenpo.or.jp/shibu/toyama/about/procurement/status_of_contracts/
www.city.itami.lg.jp,個別/不明,1,9,https://www.city.itami.lg.jp/material/files/group/64/bosyuu1212121212.pdf
www.city.eniwa.hokkaido.jp,個別/不明,1,9,https://www.city.eniwa.hokkaido.jp/material/files/group/8/080421-k2.pdf
www.city.kashiwara.lg.jp,個別/不明,1,9,https://www.city.kashiwara.lg.jp/docs/2026031600024/file_contents/R8-9.pdf
www.city.kofu.yamanashi.jp,個別/不明,1,9,https://www.city.kofu.yamanashi.jp/danjo/kigyoshien/canpass/documents/can-pass2026koukokunituite.pdf
www.town.oirase.aomori.jp,個別/不明,1,9,https://www.town.oirase.aomori.jp/soshiki/1240/yotei202605.html
www.cab.mlit.go.jp,個別/不明,1,9,https://www.cab.mlit.go.jp/tcab/files/T-260325-a475.pdf
www.city.hagi.lg.jp,個別/不明,1,9,https://www.city.hagi.lg.jp/soshiki/6/h7297.html
www.city.iwaki.lg.jp,個別/不明,1,9,https://www.city.iwaki.lg.jp/www/contents/1768976518953/files/jisshiyouryou1.pdf
www.city.asahi.lg.jp,個別/不明,1,9,https://www.city.asahi.lg.jp/soshiki/4/42272.html
www.nenkin.go.jp,個別/不明,1,9,https://www.nenkin.go.jp/info/chotatu/mitsumoriirai/kantokoushinetsu/20260421004.html
www.city.fukagawa.lg.jp,個別/不明,1,9,https://www.city.fukagawa.lg.jp/cms/section/zeimuzaisei/ftsk200000000bxi-att/aajrae0000003g5h.pdf
www.town.shime.lg.jp,個別/不明,1,9,https://www.town.shime.lg.jp/soshiki/2/dennsinyuusatu.html
www.city.kani.lg.jp,個別/不明,1,9,https://www.city.kani.lg.jp/27261.htm
www.city.higashiosaka.lg.jp,個別/不明,1,9,https://www.city.higashiosaka.lg.jp/cmsfiles/contents/0000044/44376/youryou.pdf
www.city.kasuga.fukuoka.jp,個別/不明,1,9,https://www.city.kasuga.fukuoka.jp/shisei/nyuusatsu/nyuusatsuinfo/1003867/1017339/1017340.html
www.meti.go.jp,個別/不明,1,9,https://www.meti.go.jp/information_2/downloadfiles/itaku_bid_r7.xlsx
www.city.masuda.lg.jp,個別/不明,1,9,https://www.city.masuda.lg.jp/material/files/group/10/8052101.pdf
www.city.fukushima-date.lg.jp,個別/不明,1,9,https://www.city.fukushima-date.lg.jp/uploaded/attachment/75441.pdf
www.pref.kagawa.lg.jp,個別/不明,1,9,https://www.pref.kagawa.lg.jp/documents/15482/5-2.pdf
www.nict.go.jp,個別/不明,1,9,https://www.nict.go.jp/tender/260525ji00013e.pdf
www.memuro.net,個別/不明,1,9,https://www.memuro.net/business/nyuusatsu/nyuusatu-info/2021-0921-1323-13.html
www.city.wajima.ishikawa.jp,個別/不明,1,9,https://www.city.wajima.ishikawa.jp/docs/2023070500018/
www.ur-net.go.jp,個別/不明,2,9,https://www.ur-net.go.jp/orders/chiba/pdf/bid_39924.pdf
corp.w-nexco.co.jp,個別/不明,2,9,https://corp.w-nexco.co.jp/procurement/library/
www.town.makubetsu.lg.jp,個別/不明,1,8,https://www.town.makubetsu.lg.jp/assets/images/makubetsu/%E4%BB%A4%E5%92%8C8%E5%B9%B45%E6%9C%8813%E6%97%A5%E5%9F%B7%E8%A1%8C%EF%BC%88%E4%B8%80%E8%A6%A7%EF%BC%89.pdf
www.city.shunan.lg.jp,個別/不明,1,8,https://www.city.shunan.lg.jp/soshiki/14/143963.html
www.city.akashi.lg.jp,個別/不明,1,8,https://www.city.akashi.lg.jp/documents/39927/002-08koukokubun.pdf
www.city.ube.yamaguchi.jp,個別/不明,1,8,https://www.city.ube.yamaguchi.jp/shisei/online_service/1009155.html
www.city.yukuhashi.fukuoka.jp,個別/不明,1,8,https://www.city.yukuhashi.fukuoka.jp/soshiki/9/11126.html
www.city.tosu.lg.jp,個別/不明,1,8,https://www.city.tosu.lg.jp/soshiki/4/7311.html
www.city.minokamo.gifu.jp,個別/不明,1,8,https://www.city.minokamo.gifu.jp/keiyaku/04kouji_info/04nyuusatsu_kekka/view2.cfm?int_id=23342
www.town.nakagawa.hokkaido.jp,個別/不明,1,8,https://www.town.nakagawa.hokkaido.jp/section/chiikisinko/kouhou/b02d3l000000194b-att/b02d3l0000002cbr.pdf
www.city.koka.lg.jp,個別/不明,1,8,https://www.city.koka.lg.jp/8503.htm
www.city.matsudo.chiba.jp,個別/不明,1,8,https://www.city.matsudo.chiba.jp/suidou/jigyousha/nyusatsu_pr/R8suidouzuii.files/R8suidouzuii_05.pdf
www.city.nakatsugawa.lg.jp,個別/不明,1,8,https://www.city.nakatsugawa.lg.jp/material/files/group/12/shisan_nyusatu_20260407_09.pdf
toyooka-city.viewer.kintoneapp.com,kintone公開,1,8,https://toyooka-city.viewer.kintoneapp.com/public/file/inline/bid-results/20260521074917410A048DAF2F4143BD4BDE7203201950337
north.finance.hokudai.ac.jp,個別/不明,1,8,https://north.finance.hokudai.ac.jp/~chotatsu/koukoku/mitsumori.pdf
www.mlit.go.jp,個別/不明,1,8,https://www.mlit.go.jp/common/002002605.pdf
www.osaka-kousha.or.jp,個別/不明,1,8,https://www.osaka-kousha.or.jp/bidding/
ok-gyousei.jp,個別/不明,1,7,https://ok-gyousei.jp/pages/25/
www.city.toyonaka.osaka.jp,個別/不明,1,7,https://www.city.toyonaka.osaka.jp/jigyosya/proposal/jisshichu/R7adviser.files/01_bosyu.pdf
www.town.kuroshio.lg.jp,個別/不明,1,7,https://www.town.kuroshio.lg.jp/img/files/pv/sosiki/2026/04/20260422-result-re.pdf
ise.efftis.jp,efftis入札情報公開,1,7,https://ise.efftis.jp/PPI/Public/PPUBC00100
www.rausu-town.jp,個別/不明,1,7,https://www.rausu-town.jp/img/files/topics/kensetu/R080519%E5%85%A5%E6%9C%AD_merged(1).pdf
www.city.yamaguchi.lg.jp,個別/不明,1,7,https://www.city.yamaguchi.lg.jp/soshiki/7/95590.html
www.city.nabari.lg.jp,個別/不明,1,7,https://www.city.nabari.lg.jp/s006/120/060/denshi/20250123154937.html
www.city.omihachiman.lg.jp,個別/不明,1,7,https://www.city.omihachiman.lg.jp/material/files/group/199/k202605215.pdf
www.city.itoshima.lg.jp,個別/不明,1,7,https://www.city.itoshima.lg.jp/s051/020/010/070/densinyusatusisutemupotaru.html
www.city.nantan.kyoto.jp,個別/不明,1,7,https://www.city.nantan.kyoto.jp/www/town/124/004/000/index_2034.html
www.city.iga.lg.jp,個別/不明,1,7,https://www.city.iga.lg.jp/0000010163.html
www.city.tamano.lg.jp,個別/不明,1,7,https://www.city.tamano.lg.jp/soshiki/1/56328.html
www.city.komatsushima.lg.jp,個別/不明,1,7,https://www.city.komatsushima.lg.jp/fs/6/2/9/1/6/3/_/R8.5.20.pdf
www.town.tochigi-nakagawa.lg.jp,個別/不明,1,7,https://www.town.tochigi-nakagawa.lg.jp/sangyou/nyuusatsu/2024-0827-1402-4.html
www.city.utsunomiya.tochigi.supercals.jp,電子入札コアシステム,1,7,http://www.city.utsunomiya.tochigi.supercals.jp/ebid/
www.city.iki.nagasaki.jp,個別/不明,1,7,https://www.city.iki.nagasaki.jp/soshiki/zaiseika/nyusatsu_keiyaku/denshi/3348.html
town.kotake.lg.jp,個別/不明,1,7,https://town.kotake.lg.jp/hpkiji/pub/detail.aspx?c_id=3&id=3615&class_set_id=1&class_id=861
www.narita-airport.jp,個別/不明,1,7,https://www.narita-airport.jp/files/8f71643b369dc89e6229c915b08644e9d44c9ba442c39d3461d101b8a97806c1
www.city.fujinomiya.lg.jp,個別/不明,1,7,https://www.city.fujinomiya.lg.jp/documents/2060/anken51.pdf
www.city.hikari.lg.jp,個別/不明,1,7,https://www.city.hikari.lg.jp/jigyosha/nyusatsu/download/5298.html
www.city.ogori.fukuoka.jp,個別/不明,1,7,https://www.city.ogori.fukuoka.jp/application/files/3017/7926/3452/nk22111.pdf
www.nims.go.jp,個別/不明,1,7,https://www.nims.go.jp/procurance/PPI.html
www.town.tsukigata.hokkaido.jp,個別/不明,1,7,https://www.town.tsukigata.hokkaido.jp/uploaded/attachment/5599.xlsx
keiyaku2r3.shinshu-u.ac.jp,個別/不明,1,7,https://keiyaku2r3.shinshu-u.ac.jp/rakusatsu/ZUIKEI.HTML
www.town.tagami.niigata.jp,個別/不明,1,7,https://www.town.tagami.niigata.jp/fs/7/6/7/0/8/_/%E7%94%BA%E9%81%93%EF%BC%9C2%EF%BC%9E%E7%BE%BD%E7%94%9F%E7%94%B0%E3%83%BB%E5%AF%BA%E5%89%8D%E7%B7%9A%E6%B6%88%E9%9B%AA%E3%83%91%E3%82%A4%E3%83%97%E3%83%AA%E3%83%95%E3%83%AC%E3%83%83%E3%82%B7%E3%83%A5%EF%BC%88%E3%81%9D%E3%81%AE3%EF%BC%89%E5%B7%A5%E4%BA%8B.pdf
e-buppin-joho.pref.miyazaki.lg.jp,個別/不明,1,7,https://e-buppin-joho.pref.miyazaki.lg.jp/buppin/f7101/
www.ise.jrc.or.jp,個別/不明,1,7,https://www.ise.jrc.or.jp/bind/pdf/zuikei_2026.pdf
www.city.kurayoshi.lg.jp,個別/不明,1,7,https://www.city.kurayoshi.lg.jp/2999.htm
www.city.sakurai.lg.jp,個別/不明,1,7,https://www.city.sakurai.lg.jp/gyosya/ninews/6629.html
www.city.obihiro.hokkaido.jp,個別/不明,1,7,https://www.city.obihiro.hokkaido.jp/_res/projects/default_project/_page_/001/005/713/r8/kokuji0525_3.pdf
www.japanpost.jp,個別/不明,1,7,https://www.japanpost.jp/procurement/general/goods-service/3001_01_20260704_01/p00-09-20260704-01_%E5%85%A5%E6%9C%AD%E5%85%AC%E5%91%8A.pdf
nnppi.maff.go.jp,個別/不明,2,7,https://nnppi.maff.go.jp/project/09/2026/20250A000000520920900/20260327/41.pdf
www.city.niiza.lg.jp,個別/不明,1,6,https://www.city.niiza.lg.jp/soshiki/84/dejigift.html
www.hcho.jp,個別/不明,1,6,http://www.hcho.jp/wp-content/uploads/news/2026/03/154849e968cd9166ec40877ad20d4167.pdf
www.city.kishiwada.lg.jp,個別/不明,1,6,https://www.city.kishiwada.lg.jp/page/65-minnnaoyogeru2026-4.html
www.city.sasebo.lg.jp,個別/不明,1,6,https://www.city.sasebo.lg.jp/zaimu/keiyak/login.html
www.city.kameoka.kyoto.jp,個別/不明,1,6,https://www.city.kameoka.kyoto.jp/life/6/32/160/
www.city.imari.lg.jp,個別/不明,1,6,https://www.city.imari.lg.jp/secure/38328/05%E6%9C%8815%E6%97%A5%E8%A6%8B%E7%A9%8D%E5%90%88%E3%81%9B%EF%BC%881%E4%BB%B6%EF%BC%89%E3%80%90%E5%B8%82%E6%B0%91%E4%BA%A4%E6%B5%81%E9%83%A81%E4%BB%B6%E3%80%91.pdf
nara.efftis.jp,efftis入札情報公開,1,6,https://nara.efftis.jp/PPI/Public/PPUBC00100
jrtt.efftis.jp,efftis入札情報公開,1,6,https://jrtt.efftis.jp/PPI/Public/PPUBC00100
www.city.iwamizawa.hokkaido.jp,個別/不明,1,6,https://www.city.iwamizawa.hokkaido.jp/sangyo_business/nyusatsu_keiyaku/6009.html
www.city.moriyama.lg.jp,個別/不明,1,6,https://www.city.moriyama.lg.jp/_res/projects/default_project/_page_/001/014/739/260422-1.pdf
www.town.minamiaizu.lg.jp,個別/不明,1,6,https://www.town.minamiaizu.lg.jp/official/choseijoho/nyusatsu/3416.html
www.city.higashiomi.shiga.jp,個別/不明,1,6,https://www.city.higashiomi.shiga.jp/sangyou_business/nyusatsu_keiyaku/1006319/1009749.html
www.city.muroran.lg.jp,個別/不明,1,6,https://www.city.muroran.lg.jp/assets/images/content/content_20260508_161034.pdf
shiga.efftis.jp,efftis入札情報公開,1,6,https://shiga.efftis.jp/25000/eps/public/pubGroupTop.do;jsessionid=C10F271E8B5BBF6479160EA5C1B7D205?methodName=execOrderSearch&forwardName=&selectIndex=0&hiddActionPath=%2FpubGroupTop&listPage=1&autonomyCd=25000
www.city.shimotsuke.lg.jp,個別/不明,1,6,https://www.city.shimotsuke.lg.jp/0398/info-0000006588-3.html
www.city.sano.lg.jp,個別/不明,1,6,https://www.city.sano.lg.jp/material/files/group/18/080513in.pdf
www.town.daigo.ibaraki.jp,個別/不明,1,6,https://www.town.daigo.ibaraki.jp/data/doc/1777602200_doc_15_0.pdf
www.city.ena.lg.jp,個別/不明,1,6,https://www.city.ena.lg.jp/material/files/group/3/20260507koukoku2.pdf
www.osaka-jk.or.jp,個別/不明,1,6,https://www.osaka-jk.or.jp/wp/wp-content/uploads/2026/04/R8.5.22koukoku-gaiheki.pdf
www.kushiro.pref.hokkaido.lg.jp,個別/不明,1,6,https://www.kushiro.pref.hokkaido.lg.jp/ts/sum/60243.html
suo-oshima-hosp.jp,個別/不明,1,6,https://suo-oshima-hosp.jp/wp/wp-content/uploads/%E5%85%A5%E6%9C%AD%E7%B5%8C%E7%B7%AF%E5%8F%8A%E3%81%B3%E5%85%A5%E6%9C%AD%E7%B5%90%E6%9E%9C%E5%8C%BB%E7%99%82%E6%A9%9F%E5%99%A8%EF%BC%89.pdf
www.city.kaizuka.lg.jp,個別/不明,1,6,https://www.city.kaizuka.lg.jp/kakuka/soumu/keiyaku/menu/nyusatsu_kekka_buppin/nyusatsukekka_R8.html
www.city.date.hokkaido.jp,個別/不明,1,6,https://www.city.date.hokkaido.jp/hotnews/detail/00008749.html
www.ncc.go.jp,個別/不明,1,6,https://www.ncc.go.jp/jp/chotatsu/tsukiji/020/kouji260521.pdf
www.police.pref.okinawa.jp,個別/不明,1,6,https://www.police.pref.okinawa.jp/docs/2026052100053/file_contents/R8kennkousinndangyoumu_hokubu.pdf
www.green.go.jp,個別/不明,1,6,https://www.green.go.jp/keiyaku/kokoku/pdf/26052501kokoku-hokkaido.pdf
www.bs.jrc.or.jp,個別/不明,1,6,https://www.bs.jrc.or.jp/ktks/bbc/_________________1.pdf
sisetuweb1.mext.go.jp,個別/不明,2,6,https://sisetuweb1.mext.go.jp/mdbskn/frontsite/
www.city.mihara.hiroshima.jp,個別/不明,1,5,https://www.city.mihara.hiroshima.jp/uploaded/attachment/162666.pdf
www.city.imizu.toyama.jp,個別/不明,1,5,https://www.city.imizu.toyama.jp/appupload/EDIT/142/142661.pdf
www.morioka-water.jp,個別/不明,1,5,https://www.morioka-water.jp/info/main_info_detail.php?id=kx3exs0oik
www.info.city.tsu.mie.jp,個別/不明,1,5,https://www.info.city.tsu.mie.jp/www/contents/1736909075157/index.html
www.town.kaiyo.lg.jp,個別/不明,1,5,https://www.town.kaiyo.lg.jp/docs/2026042400019/
www.city.naha.okinawa.jp,個別/不明,1,5,https://www.city.naha.okinawa.jp/business/touroku/1003701/1010949/1011737.html
www.city.yamatokoriyama.lg.jp,個別/不明,1,5,https://www.city.yamatokoriyama.lg.jp/material/files/group/19/jisshiyoryo_keibiR8.pdf
www.city.hakui.lg.jp,個別/不明,1,5,https://www.city.hakui.lg.jp/soshiki/soumubu/kikaku/5/densinyuusatu/9952.html
www.city.tajimi.lg.jp,個別/不明,1,5,https://www.city.tajimi.lg.jp/sangyo_business/nyusatsu_keiyaku/1006883/1006884.html
www.city.hofu.yamaguchi.jp,個別/不明,1,5,https://www.city.hofu.yamaguchi.jp/soshiki/118/koukokukeijiban.html
www.city.shobara.hiroshima.jp,個別/不明,1,5,https://www.city.shobara.hiroshima.jp/main/2026/04/20260421honmachi-koukoku.pdf
www2.city.mine.lg.jp,個別/不明,1,5,https://www2.city.mine.lg.jp/soshiki/somubu/kanrika/kobo/11380.html
www.city.hakusan.lg.jp,個別/不明,1,5,https://www.city.hakusan.lg.jp/machi/nyusatsu/1003450.html
www.city.isahaya.nagasaki.jp,個別/不明,1,5,https://www.city.isahaya.nagasaki.jp/soshiki/11/1913.html
www.city.kamakura.kanagawa.jp,個別/不明,1,5,https://www.city.kamakura.kanagawa.jp/gesui/20260428zuiikeiyaku.html
www.joho.tagawa.fukuoka.jp,個別/不明,1,5,https://www.joho.tagawa.fukuoka.jp/kiji00311657/3_11657_up_ybv605wp.pdf
www.nemuro.pref.hokkaido.lg.jp,個別/不明,1,5,https://www.nemuro.pref.hokkaido.lg.jp/ts/sum/kki/77577.html
www.tokachi.pref.hokkaido.lg.jp,個別/不明,1,5,https://www.tokachi.pref.hokkaido.lg.jp/fs/1/3/1/4/1/6/2/0/_/%E8%A6%8B%E7%A9%8D%E7%9B%AE%E9%8C%B2%E3%83%BB%E8%A6%8B%E7%A9%8D%E6%9B%B8%20%E6%96%B0.zip
www.kikuchi-kr.jp,個別/不明,1,5,https://www.kikuchi-kr.jp/wp/wp-content/uploads/2026/05/02a0112cff55b3007c0b3293e440258e.pdf
www.town.fukushima-futaba.lg.jp,個別/不明,1,5,https://www.town.fukushima-futaba.lg.jp/secure/17489/No5.pdf
www.city.hakodate.hokkaido.jp,個別/不明,1,5,https://www.city.hakodate.hokkaido.jp/docs/2017091500133/file_contents/file_20264304181736_1.pdf
www.city.kuroishi.aomori.jp,個別/不明,1,5,https://www.city.kuroishi.aomori.jp/shisei/nyusatsu/files/nyusatsu_kekka_R8.5.19.pdf
www.city.koriyama.lg.jp,個別/不明,1,5,https://www.city.koriyama.lg.jp/site/keiyakuportal/2923.html
view.officeapps.live.com,個別/不明,1,5,https://view.officeapps.live.com/op/view.aspx?src=https%3A%2F%2Fwww.mod.go.jp%2Fatla%2Fdata%2Finfo%2Fny_shimokita%2Fpdf%2Foshirase%2Fmmirai08_080522.xlsx&wdOrigin=BROWSELINK
www.city.komatsu.lg.jp,個別/不明,1,5,https://www.city.komatsu.lg.jp/soshiki/1011/nyuusatsu_keiyaku_1/2869.html
www.chubu.npa.go.jp,個別/不明,1,5,https://www.chubu.npa.go.jp/upload/pdf/chotatsu/gifu/oc08_tyotatu03.pdf
www.zaimu.titech.ac.jp,個別/不明,1,5,http://www.zaimu.titech.ac.jp/keiyaku/kanren/koukoku/wpsys/wp-content/uploads/%E3%82%AC%E3%82%B9%E3%82%AF%E3%83%AD%E3%83%9E%E3%83%88%E3%82%B0%E3%83%A9%E3%83%95%E8%B3%AA%E9%87%8F%E5%88%86%E6%9E%90%E8%A8%88-%E4%B8%80%E5%BC%8F_R8.5.22_R8.6.9.pdf
www.town.osakikamijima.hiroshima.jp,個別/不明,1,5,https://www.town.osakikamijima.hiroshima.jp/sangyo/nyusatsu/7765.html
choutatsu.riken.jp,個別/不明,1,5,https://choutatsu.riken.jp/r-world/info/procurement/index/index/
www.city.iyo.lg.jp,個別/不明,1,4,https://www.city.iyo.lg.jp/fukushi/documents/fukushi_jiltusiyouryou_29442_approved.pdf
www.town.miyake.lg.jp,個別/不明,1,4,https://www.town.miyake.lg.jp/uploaded/life/9162_15163_misc.pdf
www.city.namerikawa.toyama.jp,個別/不明,1,4,https://www.city.namerikawa.toyama.jp/kanko/2/5/10615.html
www.city.fukuroi.shizuoka.jp,個別/不明,1,4,https://www.city.fukuroi.shizuoka.jp/material/files/group/131/01_ZisshiYoryo_R8_Famtrip_fukuroishi.pdf
www.doboku.pref.nagasaki.jp,個別/不明,1,4,https://www.doboku.pref.nagasaki.jp/Zyouhoukoukai/Koukoku
www.city.kasukabe.lg.jp,個別/不明,1,4,https://www.city.kasukabe.lg.jp/material/files/group/67/R8_NyuusatuKeikaTyousyo_NakanoGround.pdf
www.city.uonuma.lg.jp,個別/不明,1,4,https://www.city.uonuma.lg.jp/nyusatu/260514/002596/00259601.pdf
www.city.shiso.lg.jp,個別/不明,1,4,https://www.city.shiso.lg.jp/material/files/group/29/260430_S02_1_kaigohokenjigyoushauneishidou_koukokusho.pdf
www.kaiho.mlit.go.jp,個別/不明,1,4,https://www.kaiho.mlit.go.jp/09kanku/soumubu/nyuusatu/koukoku.html
www.city.ebetsu.hokkaido.jp,個別/不明,1,4,https://www.city.ebetsu.hokkaido.jp/soshiki/keiyaku/49729.html
www.genkai-kankyo.jp,個別/不明,1,4,http://www.genkai-kankyo.jp/UPLOAD/NYUSA1000865.pdf
www.town.kitahiroshima.lg.jp,個別/不明,1,4,https://www.town.kitahiroshima.lg.jp/soshiki/4/53847.html
www.town.takanezawa.tochigi.jp,個別/不明,1,4,https://www.town.takanezawa.tochigi.jp/biz/keiyaku/R8shimei.html
www.city.kitami.lg.jp,個別/不明,1,4,https://www.city.kitami.lg.jp/administration/town/detail.php?content=14376
www.city.iwakuni.lg.jp,個別/不明,1,4,https://www.city.iwakuni.lg.jp/soshiki/6/58706.html
www.town.uchinada.lg.jp,個別/不明,1,4,https://www.town.uchinada.lg.jp/soshiki/soumu/2272.html
www.city.nagahama.lg.jp,個別/不明,1,4,https://www.city.nagahama.lg.jp/0000002464.html
www.city.tendo.yamagata.jp,個別/不明,1,4,https://www.city.tendo.yamagata.jp/busiindust/nyusatsu/info20260521.pdf
www.city.tsuruoka.lg.jp,個別/不明,1,4,https://www.city.tsuruoka.lg.jp/sangyo/nyusatsu/nyusatukoukoku/20260423koukoku3.files/20260423koukoku3-1.pdf
www.niigata-u.ac.jp,個別/不明,1,4,https://www.niigata-u.ac.jp/wp-content/uploads/2026/05/20260521_rakusatu.pdf
lfb.mof.go.jp,個別/不明,1,4,https://lfb.mof.go.jp/hokuriku/content/005/2026052101.xlsx
www.city.murakami.lg.jp,個別/不明,1,4,https://www.city.murakami.lg.jp/uploaded/attachment/76032.pdf
www.town.kumiyama.lg.jp,個別/不明,1,4,https://www.town.kumiyama.lg.jp/0000002292.html
www.city.neyagawa.osaka.jp,個別/不明,1,4,https://www.city.neyagawa.osaka.jp/material/files/group/34/2026138kekka.pdf
nara.hosp.go.jp,個別/不明,1,4,https://nara.hosp.go.jp/html/tender.html
www.nounen.go.jp,個別/不明,1,4,https://www.nounen.go.jp/disclosure/data/r08/3-4_zuii_r0804.xlsx
kenshu-center.ynu.ac.jp,個別/不明,1,4,https://kenshu-center.ynu.ac.jp/gakugai/keiyaku/tyinfo/k_ippan/checkPermission.php?f=GZQ4aZ8c%2FdsKSdgMfPQk6Woxa1UxYm5hTzBKK0t2cVNwVjI1TUE9PQ%3D%3D
www.city.suzu.lg.jp,個別/不明,1,4,https://www.city.suzu.lg.jp/site/nyusatsu-keiyaku/8432.html
www.city.sayama.saitama.jp,個別/不明,1,4,https://www.city.sayama.saitama.jp/jigyo/nyusatsu/hacchukeiyaku/nyusatukoukoku/zyougesuihachu/202605251.files/8-504_508_506_koukoku.pdf
www.city.hachimantai.lg.jp,個別/不明,1,4,https://www.city.hachimantai.lg.jp/uploaded/attachment/27224.pdf
www.town.ashoro.hokkaido.jp,個別/不明,1,4,https://www.town.ashoro.hokkaido.jp/kurashi/business/nyusatsu/page_24.html
www.naraksk119.jp,個別/不明,1,4,https://www.naraksk119.jp/cmsfiles/contents/0000003/3979/koukoku.pdf
www.nhk.or.jp,個別/不明,1,4,https://www.nhk.or.jp/chotatsu/links/koku/260525075021kou_cable.pdf
www.city.sanjo.niigata.jp,個別/不明,1,4,https://www.city.sanjo.niigata.jp/material/files/group/6/nyuusatsuannnai_20260525.pdf
www.pref.kochi.lg.jp,個別/不明,2,4,https://www.pref.kochi.lg.jp/doc/2026021900264/file_contents/file_2026326415244_1.pdf
www.city.kyoto.lg.jp,個別/不明,2,4,https://www.city.kyoto.lg.jp/hokenfukushi/cmsfiles/contents/0000350/350275/youkou.pdf
www.police.pref.hokkaido.lg.jp,個別/不明,2,4,https://www.police.pref.hokkaido.lg.jp/00ps/kushirohonbu/nyusatu/open/2026/open_007.pdf
www.chugokushikoku.npa.go.jp,個別/不明,2,4,https://www.chugokushikoku.npa.go.jp/shikoku/pdf/nyusatu/080525_0603_koubo_shikyoku.pdf
www.thr.mlit.go.jp,個別/不明,2,4,https://www.thr.mlit.go.jp/yamagata/bid/koubostep/pdf/p_1779235001.pdf
www.tohokukanko.jp,個別/不明,1,3,https://www.tohokukanko.jp/business/index.html
www.town.shiraoi.hokkaido.jp,個別/不明,1,3,https://www.town.shiraoi.hokkaido.jp/fs/5/9/4/1/3/_/01_________3__.pdf
www.city.kazuno.lg.jp,個別/不明,1,3,https://www.city.kazuno.lg.jp/soshiki/shimin/kokuhoiryo/gyomu/1/2/14606.html
www.city.osaka-izumi.lg.jp,個別/不明,1,3,https://www.city.osaka-izumi.lg.jp/bizisan/nyusatsu/15015.html
www.town.rokunohe.aomori.jp,個別/不明,1,3,https://www.town.rokunohe.aomori.jp/docs/2026042100018/file_contents/nyuusatukekka2.pdf
www.city.hachinohe.aomori.jp,個別/不明,1,3,https://www.city.hachinohe.aomori.jp/material/files/group/15/08042702.pdf
www.city.saku.nagano.jp,個別/不明,1,3,https://www.city.saku.nagano.jp/machizukuri/jigyosha/nyusatsu/keiyakugai/0415kokuho_koukoku.files/koukoku61.pdf
www.city.miyama.lg.jp,個別/不明,1,3,https://www.city.miyama.lg.jp/s049/01taiikusisetuyouko.pdf
www.city.hirado.nagasaki.jp,個別/不明,1,3,https://www.city.hirado.nagasaki.jp/kurashi/nyusatsu/nyusatsu.html
www.city.nagato.yamaguchi.jp,個別/不明,1,3,https://www.city.nagato.yamaguchi.jp/uploaded/attachment/37987.pdf
www.city.ebina.kanagawa.jp,個別/不明,1,3,https://www.city.ebina.kanagawa.jp/koho/kohoebina/1008601.html
www.city.otaru.lg.jp,個別/不明,1,3,https://www.city.otaru.lg.jp/docs/2026042400057/
www.hkd.mlit.go.jp,個別/不明,1,3,https://www.hkd.mlit.go.jp/wk/keiyaku/vadrmd00000007d0-att/ma0nqq0000000fcd.pdf
www.city.anan.tokushima.jp,個別/不明,1,3,https://www.city.anan.tokushima.jp/docs/2026042700065/file_contents/260403-3.pdf
www.town.otofuke.hokkaido.jp,個別/不明,1,3,https://www.town.otofuke.hokkaido.jp/files/00008600/00008671/20260520_nyuusatsukekka.pdf
www.wsa-osaka.jp,個別/不明,1,3,https://www.wsa-osaka.jp/soshiki/suisitsukanri/nyusatsu_keiyaku/buppinchotatsu/r8_4/15704.html
www.city.fukuyama.hiroshima.jp,個別/不明,1,3,https://www.city.fukuyama.hiroshima.jp/uploaded/attachment/336490.pdf
www.city.tokushima.tokushima.jp,個別/不明,1,3,https://www.city.tokushima.tokushima.jp/shisei/keizai/nyusatsu/kouji/ppi.html
www.town.shiga-hino.lg.jp,個別/不明,1,3,https://www.town.shiga-hino.lg.jp/0000006698.html
www.yurihama.jp,個別/不明,1,3,https://www.yurihama.jp/soshiki/2/27496.html
www.town.kanda.lg.jp,個別/不明,1,3,https://www.town.kanda.lg.jp/site/keiyaku/5703.html
official.shinkamigoto.net,個別/不明,1,3,https://official.shinkamigoto.net/cmd/data/entry/benri/benri.07880.00000016.pdf
tochigi.hospital-shinoyama.jp,個別/不明,1,3,https://tochigi.hospital-shinoyama.jp/nyusatsu/
www.city.kitakami.iwate.jp,個別/不明,1,3,https://www.city.kitakami.iwate.jp/life/shisei/nyusatsu_keiyaku/24670.html
www.city.shinjo.yamagata.jp,個別/不明,1,3,https://www.city.shinjo.yamagata.jp/n001/010/010/140/20260521113217.html
kakogawa.efftis.jp,efftis入札情報公開,1,3,https://kakogawa.efftis.jp/PPI/Public/PPUBC00600
www.town.okayama-misaki.lg.jp,個別/不明,1,3,https://www.town.okayama-misaki.lg.jp/material/files/group/4/20260430koukoku32.pdf
www.adb.shizuoka.ac.jp,個別/不明,1,3,https://www.adb.shizuoka.ac.jp/keiyaku/announce.htm?id=6115
www.choutatsu-ppi.pref.fukuoka.lg.jp,個別/不明,1,3,https://www.choutatsu-ppi.pref.fukuoka.lg.jp/DENTYO/P1005_05
kanpo.adm.nagoya-u.ac.jp,個別/不明,1,3,https://kanpo.adm.nagoya-u.ac.jp/detail_ippan.php?no=1555
www.sapporo-market.gr.jp,個別/不明,1,3,https://www.sapporo-market.gr.jp/blog/?p=40591
www.city.matsubara.lg.jp,個別/不明,1,3,https://www.city.matsubara.lg.jp/fs/3/4/4/8/1/8/_/buppin5zenhan.pdf
www.town.ooki.lg.jp,個別/不明,1,3,https://www.town.ooki.lg.jp/sangyo/14/tokuteizuiikeiyaku/keiyakukekka/9651.html
www.city.kikugawa.shizuoka.jp,個別/不明,1,3,https://www.city.kikugawa.shizuoka.jp/zaisei/documents/kami260416.pdf
contract.c-nexco.co.jp,個別/不明,1,3,https://contract.c-nexco.co.jp/
www.chancenavi.jp,個別/不明,1,3,https://www.chancenavi.jp/bcn/
www.thers.ac.jp,個別/不明,1,3,https://www.thers.ac.jp/quotation/
www.vill.otama.fukushima.jp,個別/不明,1,3,https://www.vill.otama.fukushima.jp/file/contents/3845/36235/nyuusatsukoukoku26100.pdf
www.nies.go.jp,個別/不明,1,3,https://www.nies.go.jp/about/procurement/kokoku/20260525N1.html
www.ipa.go.jp,個別/不明,1,3,https://www.ipa.go.jp/choutatsu/koubo/2026/koubo20260522-2.html
www.open-markets.jp,個別/不明,1,3,https://www.open-markets.jp/sub_nakanihonn-exp.html
www.oita-u.ac.jp,個別/不明,1,3,https://www.oita-u.ac.jp/000070606.pdf
tsugarukoiki.jp,個別/不明,1,3,https://tsugarukoiki.jp/contract.html
www.city.katano.osaka.jp,個別/不明,1,3,https://www.city.katano.osaka.jp/docs/2026051900036/file_contents/mitumorikoukoku_shusei2.pdf
www.city.asakura.lg.jp,個別/不明,1,3,https://www.city.asakura.lg.jp/uploaded/attachment/9946.pdf
www.town.horonobe.lg.jp,個別/不明,1,3,https://www.town.horonobe.lg.jp/www4/section/sangyo/le009f000001qdaa.html
www.city.kadoma.osaka.jp,個別/不明,1,3,https://www.city.kadoma.osaka.jp/material/files/group/50/jissiyouryou.pdf
osaka.hosp.go.jp,個別/不明,1,3,https://osaka.hosp.go.jp/wp-content/themes/osaka-iryou/img/nyusatsu/nyusatu20260521_1.pdf
www.jetro.go.jp,個別/不明,1,3,https://www.jetro.go.jp/ext_images/_Bid/oda/ODA260522002koukoku.pdf
www.city.susono.shizuoka.jp,個別/不明,1,3,https://www.city.susono.shizuoka.jp/material/files/group/47/R8_2014.pdf
www.lmo.go.jp,個別/不明,1,3,https://www.lmo.go.jp/news/tyotatujyouhou/2026/20260525.files/20260525.pdf
www.town.taketomi.lg.jp,個別/不明,1,3,https://www.town.taketomi.lg.jp/userfiles/files/1koukokubun_12.pdf
www.city.hamamatsu.shizuoka.jp,個別/不明,1,3,https://www.city.hamamatsu.shizuoka.jp/documents/25395/haisyakoukoku.pdf
www.city.wakkanai.hokkaido.jp,個別/不明,1,3,https://www.city.wakkanai.hokkaido.jp/files/00020400/00020460/r08-077-honbun.pdf
www.kokuho-hp.or.jp,個別/不明,1,3,https://www.kokuho-hp.or.jp/files/original/2026052017283683015765151.pdf
www.jesconet.co.jp,個別/不明,1,3,https://www.jesconet.co.jp/content/000027502.pdf
www.city.shirakawa.fukushima.jp,個別/不明,1,2,https://www.city.shirakawa.fukushima.jp/data/doc/1776337508_doc_23_0.pdf
www.city.chikusei.lg.jp,個別/不明,1,2,https://www.city.chikusei.lg.jp/jigyousha/proposal/proposal-project/page013558.html
www.town.oji.nara.jp,個別/不明,1,2,https://www.town.oji.nara.jp/bosyuinfo/11464.html
www.city.chigasaki.kanagawa.jp,個別/不明,1,2,https://www.city.chigasaki.kanagawa.jp/kyouiku/shogakko/1067008.html
www.oist.jp,個別/不明,1,2,https://www.oist.jp/sites/default/files/2026-04/1.%E4%BC%81%E7%94%BB%E7%AB%B6%E4%BA%89%E5%85%AC%E5%91%8A.pdf
www.city.naruto.lg.jp,個別/不明,1,2,https://www.city.naruto.lg.jp/docs/2026040200031/file_contents/1.pdf
www.vill.matsukawa.nagano.jp,個別/不明,1,2,https://www.vill.matsukawa.nagano.jp/assets/images/content/content_20260521_170449.pdf
www.pref.nara.lg.jp,個別/不明,1,2,https://www.pref.nara.lg.jp/documents/23142/01koukoku.pdf
www.city.hatsukaichi.hiroshima.jp,個別/不明,1,2,https://www.city.hatsukaichi.hiroshima.jp/uploaded/attachment/92386.pdf
www.city.uda.lg.jp,個別/不明,1,2,https://www.city.uda.lg.jp/soshiki/5/23184.html
www.city.shiga-konan.lg.jp,個別/不明,1,2,https://www.city.shiga-konan.lg.jp/shigoto/kokoku/24071.html
miechuo.hosp.go.jp,個別/不明,1,2,https://miechuo.hosp.go.jp/pdf/chotatu/zuii/zuii.xlsx
police.pref.toyama.jp,個別/不明,1,2,https://police.pref.toyama.jp/documents/1877/anken12.pdf
www.city.aomori.aomori.jp,個別/不明,1,2,https://www.city.aomori.aomori.jp/sangyo_koyou/jigyosha/1004461/1004683/1004685.html
www.ikedamachi.net,個別/不明,1,2,https://www.ikedamachi.net/cmsfiles/contents/0000004/4181/20260519_kekka.pdf
www.city.kitakata.fukushima.jp,個別/不明,1,2,https://www.city.kitakata.fukushima.jp/soshiki/zaisei/22296.html
www.city.nomi.lg.jp,個別/不明,1,2,https://www.city.nomi.lg.jp/fs/2/1/1/1/1/_/2026051202.pdf
www.city.chikugo.lg.jp,個別/不明,1,2,https://www.city.chikugo.lg.jp/shigoto/_3716/_30109.html
www.town.tsubata.lg.jp,個別/不明,1,2,https://www.town.tsubata.lg.jp/page/1262.html
www.city.goshogawara.lg.jp,個別/不明,1,2,https://www.city.goshogawara.lg.jp/jouhou/nyusatsu/files/R8gi.k004.pdf
www.city.kiryu.lg.jp,個別/不明,1,2,https://www.city.kiryu.lg.jp/_res/projects/default_project/_page_/001/002/301/r8/kekkab080520.pdf
www.city.noda.chiba.jp,個別/不明,1,2,https://www.city.noda.chiba.jp/_res/projects/default_project/_page_/001/041/305/R7/bunkakaikan/bunka_shiteikekka.pdf
www.city.aioi.lg.jp,個別/不明,1,2,https://www.city.aioi.lg.jp/uploaded/attachment/25098.pdf
osumikimokou.jp,個別/不明,1,2,http://osumikimokou.jp/wp-content/uploads/2026/04/2-%EF%BC%91%E3%80%80%E5%85%AC%E5%91%8A.pdf
www.city.yonezawa.yamagata.jp,個別/不明,1,2,https://www.city.yonezawa.yamagata.jp/category/shigoto_sangyo/1/6/3949.html
www.city.kizugawa.lg.jp,個別/不明,1,2,https://www.city.kizugawa.lg.jp/cmsfiles/contents/0000002/2727/nyuusatukoukoku_8sg1.pdf
www.city.tamura.lg.jp,個別/不明,1,2,https://www.city.tamura.lg.jp/soshiki/3/assets/%E4%BB%A4%E5%92%8C8%E5%B9%B4%E5%BA%A6%E9%9A%8F%E6%84%8F%E5%A5%91%E7%B4%84%E4%B8%80%E8%A6%A7%E8%A1%A8%EF%BC%88400%E4%B8%87%E5%86%86%E4%BB%A5%E4%B8%8A%E3%81%AE%E5%B7%A5%E4%BA%8B%EF%BC%89.pdf
www.tokyo-kosha.or.jp,個別/不明,1,2,https://www.tokyo-kosha.or.jp/kosha/keiyaku/index.html
www.town.tara.lg.jp,個別/不明,1,2,https://www.town.tara.lg.jp/var/rev0/0021/8442/126522155126.pdf
www.kitakyu-cho.jp,個別/不明,1,2,https://www.kitakyu-cho.jp/2026/05/00_isshiki_260522_01.pdf
www.city.onojo.fukuoka.jp,個別/不明,1,2,https://www.city.onojo.fukuoka.jp/kiji0031802/3_1802_up_bzhc0snw.pdf
www.town.mizumaki.lg.jp,個別/不明,1,2,https://www.town.mizumaki.lg.jp/s051/bid/pdf/R0804tyoueijyuutakutokuteikenntikubutu_ke.pdf
www.city.koga.fukuoka.jp,個別/不明,1,2,https://www.city.koga.fukuoka.jp/phpdata/bidresults/bb23de5b13828feacde88f73f373ba0b.pdf
www.e-nexco.co.jp,個別/不明,1,2,https://www.e-nexco.co.jp/bids/public_notice/search_service
www.jma-net.go.jp,個別/不明,1,2,https://www.jma-net.go.jp/choutatsu/data/R08/08%20ippan/2026030901R.pdf
www.city.fukui-sakai.lg.jp,個別/不明,1,2,https://www.city.fukui-sakai.lg.jp/kanri/jigyosha/nyusatsu/kekka/documents/ichiran017-035.pdf
www.pref.nara.jp,個別/不明,1,2,https://www.pref.nara.jp/26215.htm
www.town.yamada.iwate.jp,個別/不明,1,2,https://www.town.yamada.iwate.jp/fs/1/3/9/3/8/9/_/R08_tokuzui3_0522.pdf
chotatsu.jimu.kyushu-u.ac.jp,個別/不明,1,2,https://chotatsu.jimu.kyushu-u.ac.jp/
www.mie-u.ac.jp,個別/不明,1,2,https://www.mie-u.ac.jp/shisetsu/news/koji/525-1.html
www.shizuoka-pho.jp,個別/不明,1,2,https://www.shizuoka-pho.jp/sogo/media/ixtushiki4.pdf
www.kagawah.johas.go.jp,個別/不明,1,2,https://www.kagawah.johas.go.jp/wp-content/uploads/2026/05/46fc80e8fe8974ca0d898d39d665d7ec-2.pdf
www.kuhs.ac.jp,個別/不明,1,2,https://www.kuhs.ac.jp/att/03563_44298_010.pdf
www.city.kama.lg.jp,個別/不明,1,2,https://www.city.kama.lg.jp/site/kanzai/42077.html
www.yamagata-u.ac.jp,個別/不明,1,2,https://www.yamagata-u.ac.jp/jp/university/open/procure/
www.osaka-u.ac.jp,個別/不明,1,2,https://www.osaka-u.ac.jp/ja/guide/publications/cyoutatu/mitumori.html
www.city.miyakojima.lg.jp,個別/不明,1,2,https://www.city.miyakojima.lg.jp/gyosei/jyouhoukoukai/zuiikeiyaku/2026-0522-0902-15.html
www.city.ashikaga.tochigi.jp,個別/不明,1,2,https://www.city.ashikaga.tochigi.jp/industory/000060/000322/000735/p004354.html
www.jmets.ac.jp,個別/不明,1,2,https://www.jmets.ac.jp/procurement/fhrhtb0000001jnm-att/fhrhtb0000001job.pdf
www.city.gero.lg.jp,個別/不明,1,2,https://www.city.gero.lg.jp/soshiki/16/38463.html
www.town.yuzawa.lg.jp,個別/不明,1,2,https://www.town.yuzawa.lg.jp/material/files/group/3/6-4-2koukoku.pdf
www.jichi.ac.jp,個別/不明,1,2,https://www.jichi.ac.jp/assets/pdf/bid/public_2026052501.pdf
nishigo-sh.fcs.ed.jp,個別/不明,1,2,https://nishigo-sh.fcs.ed.jp/file/4992
www.u-ryukyu.ac.jp,個別/不明,1,2,https://www.u-ryukyu.ac.jp/wp-content/uploads/2026/05/28652ae535c6caf176f2924fe952cceb.pdf
www.jsps.go.jp,個別/不明,1,2,https://www.jsps.go.jp/j-choutatsu/index.html
www.tottori-seibukoiki.jp,個別/不明,1,2,https://www.tottori-seibukoiki.jp/secure/3652/hacchuuhyou_8shi17.pdf
www.city.daisen.lg.jp,個別/不明,1,2,https://www.city.daisen.lg.jp/uploads/contents/archive_0000006423_00/%E5%8B%9F%E9%9B%86%E5%AE%9F%E6%96%BD%E8%A6%81%E9%A0%98.pdf
nahaport.jp,個別/不明,1,2,https://nahaport.jp/userfiles/files/nyuusatu/R8koukokunado/09_nahafutouhakuchijikitansagyoumuitaku(R8-1)/koukokudai26gou.pdf
www.town.watari.miyagi.jp,個別/不明,1,2,https://www.town.watari.miyagi.jp/common/img/content/content_20260520_090216.pdf
www.jnto.go.jp,個別/不明,1,2,https://www.jnto.go.jp/news/nf20260522_2.pdf
www.town.kisosaki.lg.jp,個別/不明,1,2,https://www.town.kisosaki.lg.jp/cmsfiles/contents/0000003/3105/33-koukoku.pdf
www.kibireha.jeed.go.jp,個別/不明,1,2,https://www.kibireha.jeed.go.jp/tender/doc/Kokoku(R8.5.25).pdf
www.pref.kyoto.jp,個別/不明,1,2,https://www.pref.kyoto.jp/fukei/site/kaikei_k/nyusatsu/documents/5026.pdf
www.asukamura.jp,個別/不明,1,2,https://www.asukamura.jp/files/nyusatsu_joho/260525/08-105-01.pdf
tokyo-hp.hosp.go.jp,個別/不明,1,2,https://tokyo-hp.hosp.go.jp/bumon/jimu/kikakuka.html
www.customs.go.jp,個別/不明,1,2,https://www.customs.go.jp/kyotsu/chotatsu/nyusatsu/n_nagoya/20260525_kaikeiyokkaiti.pdf
www.kuriharacity.jp,個別/不明,1,2,https://www.kuriharacity.jp/w004/030/010/200/2026koukou/0525/20260525koukoku1.pdf?5221842
www.city.bibai.hokkaido.jp,個別/不明,1,2,https://www.city.bibai.hokkaido.jp/uploaded/attachment/21221.pdf
www.kppuc.ac.jp,個別/不明,1,2,https://www.kppuc.ac.jp/bid/image/pdf/nyusatsukoukoku_uok_20260521.pdf
www.vill.shimokitayama.nara.jp,個別/不明,1,2,https://www.vill.shimokitayama.nara.jp/oshirase/file/aa0ea0cd8134f4531469248ad62fa5af76d590aa.pdf
www.city.nago.okinawa.jp,個別/不明,1,2,https://www.city.nago.okinawa.jp/kurashi/2021081000053/file_contents/1d.pdf
www.city.moka.lg.jp,個別/不明,1,2,https://www.city.moka.lg.jp/material/files/group/57/AIchatbot_01youryou.pdf
www.awakouiki.jp,個別/不明,1,2,http://www.awakouiki.jp/nyusatsu_keiyaku/nyusatsu_word_pdf/R8nyuusatu/R8.6.12/notopc/01koukoku.pdf
shinjuku.jcho.go.jp,個別/不明,1,2,https://shinjuku.jcho.go.jp/wp-content/uploads/2026/05/koukoku-tore.pdf
www.sanin-tourism.com,個別/不明,1,2,https://www.sanin-tourism.com/wp-content/uploads/2026/05/6621611c0557819e3d7adffe499463d6.pdf
www.npb.go.jp,個別/不明,1,2,https://www.npb.go.jp/zyohoteikyo/finance/nyusatu/koubo.html
www.nmao.go.jp,個別/不明,1,2,https://www.nmao.go.jp/wp-content/uploads/2026/05/tender_20260525_collection-tenji.pdf
www.kek.jp,個別/不明,1,2,https://www.kek.jp/wp-content/uploads/2026/05/0525-0604-PumpModule.pdf
houmukyoku.moj.go.jp,個別/不明,1,2,https://houmukyoku.moj.go.jp/mito/content/001462997.pdf#nyusatsu
www.kesennuma.miyagi.jp,個別/不明,1,2,https://www.kesennuma.miyagi.jp/sec/s087/010/010/010/030/20260521153216.html
www.town.shimamoto.lg.jp,個別/不明,1,2,https://www.town.shimamoto.lg.jp/uploaded/attachment/15991.pdf
www.shiribeshi.pref.hokkaido.lg.jp,個別/不明,1,2,https://www.shiribeshi.pref.hokkaido.lg.jp/fs/1/3/1/4/3/6/1/4/_/001_%E5%85%A5%E6%9C%AD%E3%81%AE%E5%85%AC%E5%91%8A.pdf
www.pmac.shigaku.go.jp,個別/不明,1,2,https://www.pmac.shigaku.go.jp/annai/joho/choutatsu/nyusatukoukoku/ldhafg0000000m1x-att/koukoku_2080522_2.pdf
www.city.sodegaura.lg.jp,個別/不明,1,2,https://www.city.sodegaura.lg.jp/soshiki/tokei/koutuukeikaku2sakutei.html
www.boj.or.jp,個別/不明,1,2,https://www.boj.or.jp/about/ct/nebid/index.htm/
www.jeed.go.jp,個別/不明,1,2,https://www.jeed.go.jp/jeed/information/honbu/f41obh0000008ris-att/f41obh0000008rjv.pdf
kanagawa.hosp.go.jp,個別/不明,1,2,https://kanagawa.hosp.go.jp/files/000255466.pdf
bap.jimu.kyutech.ac.jp,個別/不明,1,1,https://bap.jimu.kyutech.ac.jp/publishes/115281
www.aots.jp,個別/不明,1,1,https://www.aots.jp/application/files/1017/7674/4364/koubo_youryou_20260422.pdf
www.town.yakushima.kagoshima.jp,個別/不明,1,1,https://www.town.yakushima.kagoshima.jp/material/files/group/12/108.pdf
www.town.fujikawa.yamanashi.jp,個別/不明,1,1,https://www.town.fujikawa.yamanashi.jp/docs/2026041500017/file_contents/jisshiyoryo.pdf
www.town.kadena.okinawa.jp,個別/不明,1,1,https://www.town.kadena.okinawa.jp/info/eb58347827ccff94892309907778dcb191801b77.pdf
www.city.ichikikushikino.lg.jp,個別/不明,1,1,https://www.city.ichikikushikino.lg.jp/densan1/r8/documents/01_syokumachi_2jissi_3keikaku_youkou.pdf
www.town.sasaguri.fukuoka.jp,個別/不明,1,1,https://www.town.sasaguri.fukuoka.jp/material/files/group/24/koukoku_noutore.pdf
www.bungo-ohno-hp.jp,個別/不明,1,1,http://www.bungo-ohno-hp.jp/images/2026/04/puropo20260408/kokoku_20260408.pdf
www.city.kunisaki.oita.jp,個別/不明,1,1,https://www.city.kunisaki.oita.jp/uploaded/attachment/30294.pdf
www.town.yokohama.lg.jp,個別/不明,1,1,"https://www.town.yokohama.lg.jp/index.cfm/7,14017,39,237,html"
www.city.katori.lg.jp,個別/不明,1,1,https://www.city.katori.lg.jp/government/keiyaku/proposal/20260406kosodate.html
www.katsurao.org,個別/不明,1,1,https://www.katsurao.org/uploaded/life/21022_136478_misc.pdf
www.tousou-water.jp,個別/不明,1,1,http://www.tousou-water.jp/bid/limit/files/08dairekuto-koukoku08014.pdf
www.town.umi.lg.jp,個別/不明,1,1,https://www.town.umi.lg.jp/site/kouhou/koho-sub.html
www.city.takasago.lg.jp,個別/不明,1,1,https://www.city.takasago.lg.jp/material/files/group/91/koubo.pdf
www.city.nishitokyo.lg.jp,個別/不明,1,1,https://www.city.nishitokyo.lg.jp/siseizyoho/jigyo/boshu/2026citypr.html
www.city.tsukuba.lg.jp,個別/不明,1,1,https://www.city.tsukuba.lg.jp/material/files/group/32/jissiyouryou.pdf
