name,proc_id,njss_url,address,open_count,total_count,result_count
日本原子力研究開発機構(JAEA),220,https://www2.njss.info/organizations/proc/220,茨城県,475,90964,82671
国際協力機構(JICA),757,https://www2.njss.info/organizations/proc/757,東京都,302,50180,42621
産業技術総合研究所(AIST/産総研),719,https://www2.njss.info/organizations/proc/719,茨城県,141,69877,56175
量子科学技術研究開発機構(QST),231,https://www2.njss.info/organizations/proc/231,千葉県,126,21064,18172
情報通信研究機構(NICT),362,https://www2.njss.info/organizations/proc/362,東京都,111,30554,21587
理化学研究所,236,https://www2.njss.info/organizations/proc/236,埼玉県,74,25184,22912
国立がん研究センター,689,https://www2.njss.info/organizations/proc/689,東京都,57,12684,9655
農業・食品産業技術総合研究機構(NARO),290,https://www2.njss.info/organizations/proc/290,茨城県,50,32607,21738
水産研究・教育機構,288,https://www2.njss.info/organizations/proc/288,神奈川県,49,10509,9650
物質・材料研究機構(NIMS),230,https://www2.njss.info/organizations/proc/230,茨城県,46,19028,15749
中小企業基盤整備機構(SMRJ),727,https://www2.njss.info/organizations/proc/727,東京都,45,10316,5065
科学技術振興機構(JST),223,https://www2.njss.info/organizations/proc/223,埼玉県,42,38936,36721
鉄道建設・運輸施設整備支援機構(JRTT),443,https://www2.njss.info/organizations/proc/443,神奈川県,39,20852,15272
防災科学技術研究所(NIED),218,https://www2.njss.info/organizations/proc/218,茨城県,37,7182,6409
国立印刷局,400,https://www2.njss.info/organizations/proc/400,東京都,32,13692,12013
都市再生機構(UR),456,https://www2.njss.info/organizations/proc/456,神奈川県,32,11204,6310
都市再生機構(UR) 東日本賃貸住宅本部,4517,https://www2.njss.info/organizations/proc/4517,東京都,32,14432,11644
新エネルギー・産業技術総合開発機構(NEDO),725,https://www2.njss.info/organizations/proc/725,神奈川県,30,15415,13941
土木研究所(PWRI),455,https://www2.njss.info/organizations/proc/455,茨城県,29,8676,7461
日本私立学校振興・共済事業団,1872,https://www2.njss.info/organizations/proc/1872,東京都,29,7015,6218
都市再生機構(UR) 西日本支社,5055,https://www2.njss.info/organizations/proc/5055,大阪府,28,13727,9993
海洋研究開発機構(JAMSTEC),221,https://www2.njss.info/organizations/proc/221,神奈川県,25,10156,9248
高齢・障害・求職者雇用支援機構,606,https://www2.njss.info/organizations/proc/606,千葉県,25,14723,8897
水資源機構,457,https://www2.njss.info/organizations/proc/457,埼玉県,24,24321,18398
労働者健康安全機構,613,https://www2.njss.info/organizations/proc/613,神奈川県,23,5603,3199
国立循環器病研究センター(NCVC),693,https://www2.njss.info/organizations/proc/693,大阪府,23,8332,5365
製品評価技術基盤機構(NITE),718,https://www2.njss.info/organizations/proc/718,東京都,23,9478,3916
労働者健康安全機構 山陰労災病院,1481,https://www2.njss.info/organizations/proc/1481,鳥取県,23,1481,828
造幣局(MINT),398,https://www2.njss.info/organizations/proc/398,大阪府,22,6685,5892
エネルギー・金属鉱物資源機構(JOGMEC),724,https://www2.njss.info/organizations/proc/724,東京都,22,12472,10410
都市再生機構(UR) 東日本都市再生本部,4531,https://www2.njss.info/organizations/proc/4531,東京都,20,4076,2990
森林研究・整備機構 森林整備センター,289,https://www2.njss.info/organizations/proc/289,神奈川県,18,3418,1133
海技教育機構,447,https://www2.njss.info/organizations/proc/447,静岡県,18,2343,1617
国立美術館,217,https://www2.njss.info/organizations/proc/217,東京都,15,2449,2033
自動車事故対策機構(NASVA),448,https://www2.njss.info/organizations/proc/448,東京都,15,3204,2611
国立病院機構,605,https://www2.njss.info/organizations/proc/605,東京都,15,4700,2875
国際交流基金,758,https://www2.njss.info/organizations/proc/758,東京都,15,4211,3900
国際観光振興機構〈日本政府観光局〉(JNTO),442,https://www2.njss.info/organizations/proc/442,東京都,14,4357,3473
港湾空港技術研究所(PARI),454,https://www2.njss.info/organizations/proc/454,神奈川県,14,4938,3217
建築研究所(BRI),497,https://www2.njss.info/organizations/proc/497,茨城県,14,19330,1150
情報処理推進機構(IPA),721,https://www2.njss.info/organizations/proc/721,東京都,14,4365,3891
都市再生機構(UR) 中部支社,5057,https://www2.njss.info/organizations/proc/5057,愛知県,14,4491,3640
都市再生機構(UR) 東日本賃貸住宅本部 神奈川地域,5063,https://www2.njss.info/organizations/proc/5063,神奈川県,14,4477,3865
自動車技術総合機構 交通安全環境研究所,451,https://www2.njss.info/organizations/proc/451,東京都,13,2153,771
国立長寿医療研究センター(NCGG),691,https://www2.njss.info/organizations/proc/691,愛知県,13,3725,2847
日本スポーツ振興センター,226,https://www2.njss.info/organizations/proc/226,東京都,12,4819,4228
農林水産消費安全技術センター(FAMIC),287,https://www2.njss.info/organizations/proc/287,埼玉県,12,1897,1597
国立環境研究所(NIES),743,https://www2.njss.info/organizations/proc/743,茨城県,12,8175,5487
水資源機構 中部支社 木曽川中下流用水総合管理所,473,https://www2.njss.info/organizations/proc/473,愛知県,11,672,69
地域医療機能推進機構(JCHO) 仙台南病院,7174,https://www2.njss.info/organizations/proc/7174,宮城県,11,436,352
勤労者退職金共済機構,615,https://www2.njss.info/organizations/proc/615,東京都,10,2005,1480
国立病院機構 関東信越グループ 信州上田医療センター,834,https://www2.njss.info/organizations/proc/834,長野県,10,1185,884
都市再生機構(UR) 九州支社,5058,https://www2.njss.info/organizations/proc/5058,福岡県,10,4934,3607
水資源機構 筑後川局 筑後川上流総合管理所,7858,https://www2.njss.info/organizations/proc/7858,福岡県,10,901,155
農畜産業振興機構(ALIC),283,https://www2.njss.info/organizations/proc/283,東京都,9,3695,3464
森林研究・整備機構 森林総合研究所,284,https://www2.njss.info/organizations/proc/284,茨城県,9,4062,3480
住宅金融支援機構(JHF),387,https://www2.njss.info/organizations/proc/387,東京都,9,7932,7323
水資源機構 利根導水総合管理所,465,https://www2.njss.info/organizations/proc/465,埼玉県,9,1255,83
国立病院機構 関東信越グループ 東京医療センター,860,https://www2.njss.info/organizations/proc/860,東京都,9,2414,1903
労働者健康安全機構 青森労災病院,1463,https://www2.njss.info/organizations/proc/1463,青森県,9,1536,1055
日本学生支援機構(JASSO),222,https://www2.njss.info/organizations/proc/222,東京都,8,5693,4435
国立青少年教育振興機構(NIYE),233,https://www2.njss.info/organizations/proc/233,東京都,8,4699,3634
自動車技術総合機構,449,https://www2.njss.info/organizations/proc/449,東京都,8,6540,5431
水資源機構 中部支社 豊川用水総合管理所,471,https://www2.njss.info/organizations/proc/471,愛知県,8,810,42
国立精神・神経医療研究センター(NCNP),692,https://www2.njss.info/organizations/proc/692,東京都,8,3368,1123
高齢・障害・求職者雇用支援機構 北海道支部,5765,https://www2.njss.info/organizations/proc/5765,北海道,8,1331,777
地域医療機能推進機構(JCHO) 福井勝山総合病院,7185,https://www2.njss.info/organizations/proc/7185,福井県,8,735,655
水資源機構 中部支社 木曽川上流ダム総合管理所,475,https://www2.njss.info/organizations/proc/475,岐阜県,7,336,74
医薬品医療機器総合機構(PMDA),611,https://www2.njss.info/organizations/proc/611,東京都,7,3245,2765
日本貿易振興機構(JETRO),722,https://www2.njss.info/organizations/proc/722,東京都,7,11784,10566
国立病院機構 関東信越グループ 相模原病院,794,https://www2.njss.info/organizations/proc/794,神奈川県,7,1312,785
国立病院機構 東海北陸グループ 静岡医療センター,888,https://www2.njss.info/organizations/proc/888,静岡県,7,1419,1012
都市再生機構(UR) 東日本賃貸住宅本部 千葉地域,5061,https://www2.njss.info/organizations/proc/5061,千葉県,7,4544,3752
高齢・障害・求職者雇用支援機構 東京支部,7135,https://www2.njss.info/organizations/proc/7135,東京都,7,1264,705
地域医療機能推進機構(JCHO) 群馬中央病院,7159,https://www2.njss.info/organizations/proc/7159,群馬県,7,734,639
地域医療機能推進機構(JCHO) 四日市羽津医療センター,7182,https://www2.njss.info/organizations/proc/7182,三重県,7,696,609
日本芸術文化振興会,234,https://www2.njss.info/organizations/proc/234,東京都,6,5841,5407
農林漁業信用基金,286,https://www2.njss.info/organizations/proc/286,東京都,6,498,337
郵便貯金簡易生命保険管理・郵便局ネットワーク支援機構,361,https://www2.njss.info/organizations/proc/361,東京都,6,591,463
航空大学校,445,https://www2.njss.info/organizations/proc/445,宮崎県,6,1036,820
水資源機構 利根川下流総合管理所,464,https://www2.njss.info/organizations/proc/464,茨城県,6,545,110
水資源機構 中部支社 揖斐川・長良川総合管理所,476,https://www2.njss.info/organizations/proc/476,三重県,6,417,87
国立病院機構 北海道東北グループ 仙台医療センター,776,https://www2.njss.info/organizations/proc/776,宮城県,6,1628,1034
国立病院機構 北海道東北グループ あきた病院,779,https://www2.njss.info/organizations/proc/779,秋田県,6,590,438
国立病院機構 近畿グループ 大阪医療センター,858,https://www2.njss.info/organizations/proc/858,大阪府,6,2404,2087
国立文化財機構(NICH) 東京国立博物館(TNM),1097,https://www2.njss.info/organizations/proc/1097,東京都,6,916,316
国立文化財機構(NICH) 奈良文化財研究所,1100,https://www2.njss.info/organizations/proc/1100,奈良県,6,872,264
労働者健康安全機構 千葉労災病院,1468,https://www2.njss.info/organizations/proc/1468,千葉県,6,1582,1032
労働者健康安全機構 東京労災病院,1469,https://www2.njss.info/organizations/proc/1469,東京都,6,1399,1134
労働者健康安全機構 横浜労災病院,1471,https://www2.njss.info/organizations/proc/1471,神奈川県,6,2424,1818
労働者健康安全機構 中国労災病院,1483,https://www2.njss.info/organizations/proc/1483,広島県,6,1038,708
高齢・障害・求職者雇用支援機構 大阪支部,4433,https://www2.njss.info/organizations/proc/4433,大阪府,6,1724,824
都市再生機構(UR) 東日本賃貸住宅本部 埼玉地域,5062,https://www2.njss.info/organizations/proc/5062,埼玉県,6,4239,3536
高齢・障害・求職者雇用支援機構 埼玉支部,5801,https://www2.njss.info/organizations/proc/5801,埼玉県,6,1534,405
高齢・障害・求職者雇用支援機構 新潟支部,5806,https://www2.njss.info/organizations/proc/5806,新潟県,6,1032,276
地域医療機能推進機構(JCHO) うつのみや病院,7158,https://www2.njss.info/organizations/proc/7158,栃木県,6,634,549
地域医療機能推進機構(JCHO) 清水さくら病院,7179,https://www2.njss.info/organizations/proc/7179,静岡県,6,401,321
地域医療機能推進機構(JCHO) 人吉医療センター,7202,https://www2.njss.info/organizations/proc/7202,熊本県,6,511,401
海上技術安全研究所(NMRI),450,https://www2.njss.info/organizations/proc/450,東京都,5,7265,2980
水資源機構 関西・吉野川支社淀川本部 木津川ダム総合管理所,483,https://www2.njss.info/organizations/proc/483,三重県,5,686,143
水資源機構 関西・吉野川支社吉野川本部 吉野川上流総合管理所,488,https://www2.njss.info/organizations/proc/488,徳島県,5,486,110
労働者健康安全機構 労働安全衛生総合研究所(JNIOSH),608,https://www2.njss.info/organizations/proc/608,東京都,5,2230,1185
医薬基盤・健康・栄養研究所(NIBN),609,https://www2.njss.info/organizations/proc/609,大阪府,5,4710,3829
国立病院機構 関東信越グループ 高崎総合医療センター,816,https://www2.njss.info/organizations/proc/816,群馬県,5,1543,1001
国立病院機構 九州グループ 福岡病院,822,https://www2.njss.info/organizations/proc/822,福岡県,5,686,413
国立病院機構 中国四国グループ 岡山医療センター,823,https://www2.njss.info/organizations/proc/823,岡山県,5,2126,1805
国立病院機構 中国四国グループ 呉医療センター・中国がんセンター,831,https://www2.njss.info/organizations/proc/831,広島県,5,2921,2416
国立病院機構 関東信越グループ 小諸高原病院,842,https://www2.njss.info/organizations/proc/842,長野県,5,654,466
国立病院機構 九州グループ 別府医療センター,898,https://www2.njss.info/organizations/proc/898,大分県,5,1678,1260
家畜改良センター(NLBC) 十勝牧場,1434,https://www2.njss.info/organizations/proc/1434,北海道,5,990,549
労働者健康安全機構 東北労災病院,1464,https://www2.njss.info/organizations/proc/1464,宮城県,5,1406,980
労働者健康安全機構 浜松労災病院,1475,https://www2.njss.info/organizations/proc/1475,静岡県,5,1014,817
日本学術振興会(JSPS),1659,https://www2.njss.info/organizations/proc/1659,東京都,5,7089,6848
国立文化財機構(NICH) 奈良国立博物館,4508,https://www2.njss.info/organizations/proc/4508,奈良県,5,475,171
高齢・障害・求職者雇用支援機構 石川支部,5808,https://www2.njss.info/organizations/proc/5808,石川県,5,964,265
高齢・障害・求職者雇用支援機構 岐阜支部,5812,https://www2.njss.info/organizations/proc/5812,岐阜県,5,929,329
高齢・障害・求職者雇用支援機構 広島支部,5860,https://www2.njss.info/organizations/proc/5860,広島県,5,610,360
高齢・障害・求職者雇用支援機構 大分支部,5872,https://www2.njss.info/organizations/proc/5872,大分県,5,729,157
地域医療機能推進機構(JCHO) 千葉病院,7162,https://www2.njss.info/organizations/proc/7162,千葉県,5,646,503
地域医療機能推進機構(JCHO) 横浜保土ケ谷中央病院,7170,https://www2.njss.info/organizations/proc/7170,神奈川県,5,516,409
地域医療機能推進機構(JCHO) 三島総合病院,7180,https://www2.njss.info/organizations/proc/7180,静岡県,5,465,391
地域医療機能推進機構(JCHO) 北海道病院,7187,https://www2.njss.info/organizations/proc/7187,北海道,5,771,675
地域医療機能推進機構(JCHO) 熊本総合病院,7201,https://www2.njss.info/organizations/proc/7201,熊本県,5,654,554
地域医療機能推進機構(JCHO) 天草中央総合病院,7203,https://www2.njss.info/organizations/proc/7203,熊本県,5,333,255
教職員支援機構(NITS),227,https://www2.njss.info/organizations/proc/227,茨城県,4,822,714
家畜改良センター(NLBC),294,https://www2.njss.info/organizations/proc/294,福島県,4,3042,2781
日本高速道路保有・債務返済機構,441,https://www2.njss.info/organizations/proc/441,神奈川県,4,2211,1835
水資源機構 渡良瀬川ダム総合管理所,467,https://www2.njss.info/organizations/proc/467,群馬県,4,427,49
水資源機構 関西・吉野川支社淀川本部 琵琶湖総合管理所,482,https://www2.njss.info/organizations/proc/482,滋賀県,4,404,111
地域医療機能推進機構(JCHO),612,https://www2.njss.info/organizations/proc/612,東京都,4,1019,636
国立成育医療研究センター,690,https://www2.njss.info/organizations/proc/690,東京都,4,5638,4253
国立病院機構 北海道東北グループ 弘前総合医療センター,769,https://www2.njss.info/organizations/proc/769,青森県,4,1111,794
国立病院機構 北海道東北グループ 岩手病院,774,https://www2.njss.info/organizations/proc/774,岩手県,4,537,311
国立病院機構 関東信越グループ 久里浜医療センター,782,https://www2.njss.info/organizations/proc/782,神奈川県,4,1005,784
国立病院機構 近畿グループ 和歌山病院,791,https://www2.njss.info/organizations/proc/791,和歌山県,4,748,589
国立病院機構 関東信越グループ 水戸医療センター,796,https://www2.njss.info/organizations/proc/796,茨城県,4,1508,823
国立病院機構 九州グループ 九州がんセンター,801,https://www2.njss.info/organizations/proc/801,福岡県,4,1083,690
国立病院機構 近畿グループ 敦賀医療センター,815,https://www2.njss.info/organizations/proc/815,福井県,4,786,536
国立病院機構 近畿グループ あわら病院,819,https://www2.njss.info/organizations/proc/819,福井県,4,525,285
国立病院機構 九州グループ 佐賀病院,839,https://www2.njss.info/organizations/proc/839,佐賀県,4,1258,938
国立病院機構 中国四国グループ 広島西医療センター,840,https://www2.njss.info/organizations/proc/840,広島県,4,1221,845
国立病院機構 近畿グループ 舞鶴医療センター,845,https://www2.njss.info/organizations/proc/845,京都府,4,1190,905
国立病院機構 関東信越グループ 横浜医療センター,875,https://www2.njss.info/organizations/proc/875,神奈川県,4,1957,1501
国立病院機構 九州グループ 熊本医療センター,882,https://www2.njss.info/organizations/proc/882,熊本県,4,1726,1411
国立病院機構 中国四国グループ 岩国医療センター,903,https://www2.njss.info/organizations/proc/903,山口県,4,1803,1502
労働者健康安全機構 北海道せき損センター,1460,https://www2.njss.info/organizations/proc/1460,北海道,4,1031,639
労働者健康安全機構 富山労災病院,1474,https://www2.njss.info/organizations/proc/1474,富山県,4,1059,748
労働者健康安全機構 関西労災病院,1479,https://www2.njss.info/organizations/proc/1479,兵庫県,4,2480,1508
労働者健康安全機構 熊本労災病院,1490,https://www2.njss.info/organizations/proc/1490,熊本県,4,1266,720
高齢・障害・求職者雇用支援機構 長野支部,4411,https://www2.njss.info/organizations/proc/4411,長野県,4,832,314
高齢・障害・求職者雇用支援機構 長崎支部,4415,https://www2.njss.info/organizations/proc/4415,長崎県,4,1196,278
高齢・障害・求職者雇用支援機構 栃木支部,5652,https://www2.njss.info/organizations/proc/5652,栃木県,4,2251,585
高齢・障害・求職者雇用支援機構 富山支部,5807,https://www2.njss.info/organizations/proc/5807,富山県,4,1622,430
高齢・障害・求職者雇用支援機構 山梨支部,5810,https://www2.njss.info/organizations/proc/5810,山梨県,4,622,146
高齢・障害・求職者雇用支援機構 岡山支部,5859,https://www2.njss.info/organizations/proc/5859,岡山県,4,1352,552
高齢・障害・求職者雇用支援機構 福岡支部,5866,https://www2.njss.info/organizations/proc/5866,福岡県,4,1036,653
地域医療機能推進機構(JCHO) 埼玉メディカルセンター,7161,https://www2.njss.info/organizations/proc/7161,埼玉県,4,935,875
地域医療機能推進機構(JCHO) 横浜中央病院,7169,https://www2.njss.info/organizations/proc/7169,神奈川県,4,409,354
地域医療機能推進機構(JCHO) 札幌北辰病院,7188,https://www2.njss.info/organizations/proc/7188,北海道,4,634,562
地域医療機能推進機構(JCHO) 徳山中央病院,7194,https://www2.njss.info/organizations/proc/7194,山口県,4,945,840
地域医療機能推進機構(JCHO) 九州病院,7195,https://www2.njss.info/organizations/proc/7195,福岡県,4,1420,1246
地域医療機能推進機構(JCHO) 諫早総合病院,7200,https://www2.njss.info/organizations/proc/7200,長崎県,4,468,347
都市再生機構(UR) 東北震災復興支援本部,7723,https://www2.njss.info/organizations/proc/7723,福島県,4,325,268
国立高等専門学校機構 福島工業高等専門学校,202,https://www2.njss.info/organizations/proc/202,福島県,3,469,343
国立高等専門学校機構 小山工業高等専門学校,211,https://www2.njss.info/organizations/proc/211,栃木県,3,286,219
国立科学博物館,224,https://www2.njss.info/organizations/proc/224,東京都,3,1437,945
人間文化研究機構 国立国語研究所(NINJAL),225,https://www2.njss.info/organizations/proc/225,東京都,3,183,39
国立特別支援教育総合研究所(NISE),232,https://www2.njss.info/organizations/proc/232,神奈川県,3,530,438
国際農林水産業研究センター(JIRCAS),285,https://www2.njss.info/organizations/proc/285,茨城県,3,1648,1109
農業者年金基金,296,https://www2.njss.info/organizations/proc/296,東京都,3,702,555
電子航法研究所(ENRI),440,https://www2.njss.info/organizations/proc/440,東京都,3,1894,1159
水資源機構 中部支社,469,https://www2.njss.info/organizations/proc/469,愛知県,3,88,29
水資源機構 中部支社 揖斐川・長良川総合管理所 徳山ダム管理所,472,https://www2.njss.info/organizations/proc/472,岐阜県,3,214,18
水資源機構 筑後川局 筑後川下流総合管理所 筑後川下流用水管理所,494,https://www2.njss.info/organizations/proc/494,福岡県,3,299,39
工業所有権情報・研修館(INPIT),720,https://www2.njss.info/organizations/proc/720,東京都,3,1414,1231
環境再生保全機構(ERCA),742,https://www2.njss.info/organizations/proc/742,神奈川県,3,1264,991
国立病院機構 北海道東北グループ 北海道がんセンター,762,https://www2.njss.info/organizations/proc/762,北海道,3,1593,1243
国立病院機構 北海道東北グループ 山形病院,780,https://www2.njss.info/organizations/proc/780,山形県,3,531,403
国立病院機構 九州グループ 小倉医療センター,795,https://www2.njss.info/organizations/proc/795,福岡県,3,1290,860
国立病院機構 東海北陸グループ 鈴鹿病院,798,https://www2.njss.info/organizations/proc/798,三重県,3,756,470
国立病院機構 関東信越グループ 神奈川病院,799,https://www2.njss.info/organizations/proc/799,神奈川県,3,811,437
国立病院機構 東海北陸グループ 三重中央医療センター,800,https://www2.njss.info/organizations/proc/800,三重県,3,1312,857
国立病院機構 関東信越グループ 茨城東病院 胸部疾患・療育医療センター,805,https://www2.njss.info/organizations/proc/805,茨城県,3,991,760
国立病院機構 近畿グループ 京都医療センター,837,https://www2.njss.info/organizations/proc/837,京都府,3,2198,1871
国立病院機構 中国四国グループ 東広島医療センター,846,https://www2.njss.info/organizations/proc/846,広島県,3,1644,1326
国立病院機構 九州グループ 東佐賀病院,857,https://www2.njss.info/organizations/proc/857,佐賀県,3,998,796
国立病院機構 東海北陸グループ 金沢医療センター,859,https://www2.njss.info/organizations/proc/859,石川県,3,1995,1713
国立病院機構 九州グループ 嬉野医療センター,864,https://www2.njss.info/organizations/proc/864,佐賀県,3,1499,1042
国立病院機構 関東信越グループ 東京病院,867,https://www2.njss.info/organizations/proc/867,東京都,3,1540,1127
国立病院機構 九州グループ 熊本南病院,889,https://www2.njss.info/organizations/proc/889,熊本県,3,515,251
国立病院機構 東海北陸グループ 名古屋医療センター,891,https://www2.njss.info/organizations/proc/891,愛知県,3,2847,2463
国立病院機構 中国四国グループ 山口宇部医療センター,902,https://www2.njss.info/organizations/proc/902,山口県,3,1075,801
国立病院機構 近畿グループ 神戸医療センター,913,https://www2.njss.info/organizations/proc/913,兵庫県,3,1222,947
労働者健康安全機構 秋田労災病院,1465,https://www2.njss.info/organizations/proc/1465,秋田県,3,764,610
労働者健康安全機構 関東労災病院,1470,https://www2.njss.info/organizations/proc/1470,神奈川県,3,1851,1039
労働者健康安全機構 和歌山労災病院,1480,https://www2.njss.info/organizations/proc/1480,和歌山県,3,1671,1051
高齢・障害・求職者雇用支援機構 宮城支部,4410,https://www2.njss.info/organizations/proc/4410,宮城県,3,1926,785
高齢・障害・求職者雇用支援機構 宮崎支部,4416,https://www2.njss.info/organizations/proc/4416,宮崎県,3,1479,241
高齢・障害・求職者雇用支援機構 福島支部,5796,https://www2.njss.info/organizations/proc/5796,福島県,3,732,348
高齢・障害・求職者雇用支援機構 奈良支部,5854,https://www2.njss.info/organizations/proc/5854,奈良県,3,580,154
高齢・障害・求職者雇用支援機構 山口支部,5861,https://www2.njss.info/organizations/proc/5861,山口県,3,589,181
高齢・障害・求職者雇用支援機構 熊本支部,5870,https://www2.njss.info/organizations/proc/5870,熊本県,3,774,294
高齢・障害・求職者雇用支援機構 沖縄支部,5875,https://www2.njss.info/organizations/proc/5875,沖縄県,3,756,427
地域医療機能推進機構(JCHO) 南海医療センター,7141,https://www2.njss.info/organizations/proc/7141,大分県,3,562,497
地域医療機能推進機構(JCHO) さいたま北部医療センター,7160,https://www2.njss.info/organizations/proc/7160,埼玉県,3,485,403
地域医療機能推進機構(JCHO) 東京新宿メディカルセンター,7165,https://www2.njss.info/organizations/proc/7165,東京都,3,834,658
地域医療機能推進機構(JCHO) 仙台病院,7173,https://www2.njss.info/organizations/proc/7173,宮城県,3,675,485
地域医療機能推進機構(JCHO) 高知西病院,7192,https://www2.njss.info/organizations/proc/7192,高知県,3,263,198
地域医療機能推進機構(JCHO) 下関医療センター,7193,https://www2.njss.info/organizations/proc/7193,山口県,3,584,505
水資源機構 関西・吉野川支社吉野川本部 吉野川下流総合管理所,9783,https://www2.njss.info/organizations/proc/9783,徳島県,3,57,29
国立高等専門学校機構 有明工業高等専門学校,201,https://www2.njss.info/organizations/proc/201,福岡県,2,275,192
国立高等専門学校機構 岐阜工業高等専門学校,203,https://www2.njss.info/organizations/proc/203,岐阜県,2,406,287
国立高等専門学校機構 長岡工業高等専門学校,210,https://www2.njss.info/organizations/proc/210,新潟県,2,429,312
国立高等専門学校機構 鶴岡工業高等専門学校,214,https://www2.njss.info/organizations/proc/214,山形県,2,418,337
国立高等専門学校機構 大分工業高等専門学校,215,https://www2.njss.info/organizations/proc/215,大分県,2,358,290
大学入試センター(DNC),219,https://www2.njss.info/organizations/proc/219,東京都,2,749,599
国立公文書館,301,https://www2.njss.info/organizations/proc/301,東京都,2,1060,725
輸出入・港湾関連情報処理センター(NACCS),399,https://www2.njss.info/organizations/proc/399,東京都,2,332,272
水資源機構 千葉用水総合管理所,460,https://www2.njss.info/organizations/proc/460,千葉県,2,1762,45
水資源機構 利根川上流総合管理所,463,https://www2.njss.info/organizations/proc/463,群馬県,2,400,78
水資源機構 中部支社 愛知用水総合管理所,470,https://www2.njss.info/organizations/proc/470,愛知県,2,585,49
水資源機構 中部支社 木曽川上流ダム総合管理所 味噌川ダム管理所,477,https://www2.njss.info/organizations/proc/477,長野県,2,256,23
水資源機構 関西・吉野川支社淀川本部 桂川・猪名川ダム総合管理所 一庫ダム管理所,484,https://www2.njss.info/organizations/proc/484,兵庫県,2,235,19
水資源機構 筑後川局,490,https://www2.njss.info/organizations/proc/490,福岡県,2,390,29
年金積立金管理運用(GPIF),604,https://www2.njss.info/organizations/proc/604,東京都,2,1208,1001
福祉医療機構(WAM),614,https://www2.njss.info/organizations/proc/614,東京都,2,1196,1081
国立病院機構 北海道東北グループ 宮城病院,778,https://www2.njss.info/organizations/proc/778,宮城県,2,833,670
国立病院機構 東海北陸グループ 東尾張病院,787,https://www2.njss.info/organizations/proc/787,愛知県,2,471,340
国立病院機構 近畿グループ 南和歌山医療センター,788,https://www2.njss.info/organizations/proc/788,和歌山県,2,1064,838
国立病院機構 関東信越グループ 西新潟中央病院,806,https://www2.njss.info/organizations/proc/806,新潟県,2,1115,637
国立病院機構 九州グループ 九州医療センター,807,https://www2.njss.info/organizations/proc/807,福岡県,2,1819,1280
国立病院機構 関東信越グループ 東長野病院,821,https://www2.njss.info/organizations/proc/821,長野県,2,506,350
国立病院機構 関東信越グループ 渋川医療センター,825,https://www2.njss.info/organizations/proc/825,群馬県,2,974,627
国立病院機構 関東信越グループ 埼玉病院,835,https://www2.njss.info/organizations/proc/835,埼玉県,2,1402,1028
国立病院機構 中国四国グループ 福山医療センター,836,https://www2.njss.info/organizations/proc/836,広島県,2,1695,1166
国立病院機構 東海北陸グループ 北陸病院,854,https://www2.njss.info/organizations/proc/854,富山県,2,601,493
国立病院機構 近畿グループ 大阪刀根山医療センター,865,https://www2.njss.info/organizations/proc/865,大阪府,2,1238,953
国立病院機構 九州グループ 長崎病院,869,https://www2.njss.info/organizations/proc/869,長崎県,2,660,511
国立病院機構 東海北陸グループ 石川病院,870,https://www2.njss.info/organizations/proc/870,石川県,2,666,575
国立病院機構 近畿グループ 姫路医療センター,872,https://www2.njss.info/organizations/proc/872,兵庫県,2,1270,938
国立病院機構 東海北陸グループ 長良医療センター,874,https://www2.njss.info/organizations/proc/874,岐阜県,2,1354,1137
国立病院機構 東海北陸グループ 静岡てんかん・神経医療センター,877,https://www2.njss.info/organizations/proc/877,静岡県,2,834,704
国立病院機構 近畿グループ 兵庫中央病院,879,https://www2.njss.info/organizations/proc/879,兵庫県,2,1067,744
国立病院機構 九州グループ 南九州病院,890,https://www2.njss.info/organizations/proc/890,鹿児島県,2,927,683
国立病院機構 九州グループ 菊池病院,892,https://www2.njss.info/organizations/proc/892,熊本県,2,521,352
国立病院機構 九州グループ 指宿医療センター,893,https://www2.njss.info/organizations/proc/893,鹿児島県,2,843,578
国立病院機構 九州グループ 西別府病院,900,https://www2.njss.info/organizations/proc/900,大分県,2,839,629
国立病院機構 中国四国グループ とくしま医療センター東病院,905,https://www2.njss.info/organizations/proc/905,徳島県,2,743,614
国立文化財機構(NICH) 東京文化財研究所,1099,https://www2.njss.info/organizations/proc/1099,東京都,2,249,62
家畜改良センター(NLBC) 茨城牧場,1437,https://www2.njss.info/organizations/proc/1437,茨城県,2,350,305
労働者健康安全機構 大阪ろうさい病院,1478,https://www2.njss.info/organizations/proc/1478,大阪府,2,2067,1342
労働者健康安全機構 岡山労災病院,1482,https://www2.njss.info/organizations/proc/1482,岡山県,2,1090,791
労働者健康安全機構 香川労災病院,1485,https://www2.njss.info/organizations/proc/1485,香川県,2,1723,1012
労働者健康安全機構 九州労災病院,1487,https://www2.njss.info/organizations/proc/1487,福岡県,2,1358,913
高齢・障害・求職者雇用支援機構 愛知支部,4432,https://www2.njss.info/organizations/proc/4432,愛知県,2,1724,672
日本貿易保険(NEXI),5649,https://www2.njss.info/organizations/proc/5649,東京都,2,632,603
高齢・障害・求職者雇用支援機構 秋田支部,5794,https://www2.njss.info/organizations/proc/5794,秋田県,2,971,395
高齢・障害・求職者雇用支援機構 茨城支部,5799,https://www2.njss.info/organizations/proc/5799,茨城県,2,530,161
高齢・障害・求職者雇用支援機構 千葉支部,5802,https://www2.njss.info/organizations/proc/5802,千葉県,2,1323,784
高齢・障害・求職者雇用支援機構 福井支部,5809,https://www2.njss.info/organizations/proc/5809,福井県,2,944,162
高齢・障害・求職者雇用支援機構 兵庫支部,5852,https://www2.njss.info/organizations/proc/5852,兵庫県,2,1061,405
高齢・障害・求職者雇用支援機構 和歌山支部,5855,https://www2.njss.info/organizations/proc/5855,和歌山県,2,614,132
高齢・障害・求職者雇用支援機構 高知支部,5865,https://www2.njss.info/organizations/proc/5865,高知県,2,1126,296
高齢・障害・求職者雇用支援機構 鹿児島支部,5874,https://www2.njss.info/organizations/proc/5874,鹿児島県,2,648,288
地域医療機能推進機構(JCHO) 東京山手メディカルセンター,7166,https://www2.njss.info/organizations/proc/7166,東京都,2,868,781
地域医療機能推進機構(JCHO) 秋田病院,7175,https://www2.njss.info/organizations/proc/7175,秋田県,2,447,404
地域医療機能推進機構(JCHO) 二本松病院,7176,https://www2.njss.info/organizations/proc/7176,福島県,2,324,273
地域医療機能推進機構(JCHO) 可児とうのう病院,7178,https://www2.njss.info/organizations/proc/7178,岐阜県,2,484,448
地域医療機能推進機構(JCHO) 高岡ふしき病院,7183,https://www2.njss.info/organizations/proc/7183,富山県,2,318,280
地域医療機能推進機構(JCHO) 若狭高浜病院,7186,https://www2.njss.info/organizations/proc/7186,福井県,2,219,194
地域医療機能推進機構(JCHO) 久留米総合病院,7196,https://www2.njss.info/organizations/proc/7196,福岡県,2,511,449
地域医療機能推進機構(JCHO) 佐賀中部病院,7198,https://www2.njss.info/organizations/proc/7198,佐賀県,2,445,382
水資源機構 総合技術センター,9230,https://www2.njss.info/organizations/proc/9230,埼玉県,2,138,0
国立高等専門学校機構 秋田工業高等専門学校,9239,https://www2.njss.info/organizations/proc/9239,秋田県,2,31,15
国立高等専門学校機構 松江工業高等専門学校,9240,https://www2.njss.info/organizations/proc/9240,島根県,2,9,5
駐留軍等労働者労務管理機構(LMO),52,https://www2.njss.info/organizations/proc/52,東京都,1,1031,830
国立高等専門学校機構 函館工業高等専門学校,204,https://www2.njss.info/organizations/proc/204,北海道,1,400,306
国立高等専門学校機構 北九州工業高等専門学校,207,https://www2.njss.info/organizations/proc/207,福岡県,1,402,261
国立高等専門学校機構 木更津工業高等専門学校,208,https://www2.njss.info/organizations/proc/208,千葉県,1,400,326
国立高等専門学校機構 都城工業高等専門学校,209,https://www2.njss.info/organizations/proc/209,宮崎県,1,367,281
北方領土問題対策協会,302,https://www2.njss.info/organizations/proc/302,東京都,1,284,239
国民生活センター,303,https://www2.njss.info/organizations/proc/303,神奈川県,1,896,622
住宅金融支援機構(JHF) 東北支店,389,https://www2.njss.info/organizations/proc/389,宮城県,1,54,48
住宅金融支援機構(JHF) 九州支店,396,https://www2.njss.info/organizations/proc/396,福岡県,1,89,67
酒類総合研究所,401,https://www2.njss.info/organizations/proc/401,広島県,1,787,720
空港周辺整備機構,453,https://www2.njss.info/organizations/proc/453,福岡県,1,314,258
水資源機構 荒川ダム総合管理所,458,https://www2.njss.info/organizations/proc/458,埼玉県,1,359,28
水資源機構 利根川上流総合管理所 群馬用水管理所,459,https://www2.njss.info/organizations/proc/459,群馬県,1,215,23
水資源機構 関西・吉野川支社淀川本部,479,https://www2.njss.info/organizations/proc/479,大阪府,1,376,46
水資源機構 関西・吉野川支社淀川本部 丹生事務所,481,https://www2.njss.info/organizations/proc/481,滋賀県,1,104,6
水資源機構 筑後川局 筑後川上流総合管理所 寺内ダム管理所,495,https://www2.njss.info/organizations/proc/495,福岡県,1,49,17
労働政策研究・研修機構(JILPT),607,https://www2.njss.info/organizations/proc/607,東京都,1,1394,1188
経済産業研究所(RIETI),726,https://www2.njss.info/organizations/proc/726,東京都,1,762,670
国立病院機構 北海道東北グループ 盛岡医療センター,772,https://www2.njss.info/organizations/proc/772,岩手県,1,457,194
国立病院機構 北海道東北グループ 釜石病院,775,https://www2.njss.info/organizations/proc/775,岩手県,1,352,197
国立病院機構 東海北陸グループ 東名古屋病院,783,https://www2.njss.info/organizations/proc/783,愛知県,1,1077,869
国立病院機構 北海道東北グループ いわき病院,789,https://www2.njss.info/organizations/proc/789,福島県,1,608,478
国立病院機構 東海北陸グループ 三重病院,793,https://www2.njss.info/organizations/proc/793,三重県,1,905,630
国立病院機構 関東信越グループ 霞ヶ浦医療センター,802,https://www2.njss.info/organizations/proc/802,茨城県,1,1025,801
国立病院機構 中国四国グループ 米子医療センター,808,https://www2.njss.info/organizations/proc/808,鳥取県,1,832,586
国立病院機構 関東信越グループ 新潟病院,809,https://www2.njss.info/organizations/proc/809,新潟県,1,1201,792
国立病院機構 関東信越グループ 栃木医療センター,810,https://www2.njss.info/organizations/proc/810,栃木県,1,1172,732
国立病院機構 中国四国グループ 松江医療センター,812,https://www2.njss.info/organizations/proc/812,島根県,1,970,648
国立病院機構 関東信越グループ 宇都宮病院,813,https://www2.njss.info/organizations/proc/813,栃木県,1,751,437
国立病院機構 関東信越グループ さいがた医療センター,814,https://www2.njss.info/organizations/proc/814,新潟県,1,888,495
国立病院機構 関東信越グループ 甲府病院,817,https://www2.njss.info/organizations/proc/817,山梨県,1,912,596
国立病院機構 九州グループ 大牟田病院,827,https://www2.njss.info/organizations/proc/827,福岡県,1,1021,661
国立病院機構 近畿グループ 東近江総合医療センター,828,https://www2.njss.info/organizations/proc/828,滋賀県,1,962,722
国立病院機構 関東信越グループ 西埼玉中央病院,830,https://www2.njss.info/organizations/proc/830,埼玉県,1,1021,644
国立病院機構 九州グループ 福岡東医療センター,833,https://www2.njss.info/organizations/proc/833,福岡県,1,1504,1122
国立病院機構 関東信越グループ 東埼玉病院,838,https://www2.njss.info/organizations/proc/838,埼玉県,1,977,642
国立病院機構 九州グループ 肥前精神医療センター,844,https://www2.njss.info/organizations/proc/844,佐賀県,1,963,767
国立病院機構 近畿グループ 南京都病院,848,https://www2.njss.info/organizations/proc/848,京都府,1,818,669
国立病院機構 関東信越グループ 千葉東病院,849,https://www2.njss.info/organizations/proc/849,千葉県,1,936,697
国立病院機構 関東信越グループ 下志津病院,855,https://www2.njss.info/organizations/proc/855,千葉県,1,1055,837
国立病院機構 中国四国グループ 関門医療センター,856,https://www2.njss.info/organizations/proc/856,山口県,1,1124,978
国立病院機構 近畿グループ 近畿中央呼吸器センター,861,https://www2.njss.info/organizations/proc/861,大阪府,1,1042,726
国立病院機構 東海北陸グループ 医王病院,862,https://www2.njss.info/organizations/proc/862,石川県,1,917,732
国立病院機構 関東信越グループ 災害医療センター,863,https://www2.njss.info/organizations/proc/863,東京都,1,1870,1424
国立病院機構 近畿グループ 大阪南医療センター,868,https://www2.njss.info/organizations/proc/868,大阪府,1,1463,1134
国立病院機構 九州グループ 長崎医療センター,873,https://www2.njss.info/organizations/proc/873,長崎県,1,1958,1544
国立病院機構 近畿グループ 兵庫あおの病院,876,https://www2.njss.info/organizations/proc/876,兵庫県,1,727,586
国立病院機構 九州グループ 長崎川棚医療センター,878,https://www2.njss.info/organizations/proc/878,長崎県,1,1029,857
国立病院機構 九州グループ 琉球病院,883,https://www2.njss.info/organizations/proc/883,沖縄県,1,584,370
国立病院機構 近畿グループ やまと精神医療センター,887,https://www2.njss.info/organizations/proc/887,奈良県,1,495,362
国立病院機構 九州グループ 熊本再春医療センター,895,https://www2.njss.info/organizations/proc/895,熊本県,1,1117,742
国立病院機構 九州グループ 宮崎病院,897,https://www2.njss.info/organizations/proc/897,宮崎県,1,595,477
国立病院機構 九州グループ 宮崎東病院,901,https://www2.njss.info/organizations/proc/901,宮崎県,1,680,482
国立病院機構 中国四国グループ とくしま医療センター西病院,906,https://www2.njss.info/organizations/proc/906,徳島県,1,739,657
国立病院機構 中国四国グループ 四国こどもとおとなの医療センター,909,https://www2.njss.info/organizations/proc/909,香川県,1,1381,1153
国立病院機構 中国四国グループ 四国がんセンター,910,https://www2.njss.info/organizations/proc/910,愛媛県,1,1673,1210
家畜改良センター(NLBC) 奥羽牧場,1435,https://www2.njss.info/organizations/proc/1435,青森県,1,617,468
家畜改良センター(NLBC) 茨城牧場 長野支場,1438,https://www2.njss.info/organizations/proc/1438,長野県,1,194,92
家畜改良センター(NLBC) 岡崎牧場,1439,https://www2.njss.info/organizations/proc/1439,愛知県,1,222,146
家畜改良センター(NLBC) 兵庫牧場,1440,https://www2.njss.info/organizations/proc/1440,兵庫県,1,359,278
家畜改良センター(NLBC) 宮崎牧場,1443,https://www2.njss.info/organizations/proc/1443,宮崎県,1,809,494
労働者健康安全機構 福島労災病院,1466,https://www2.njss.info/organizations/proc/1466,福島県,1,1123,881
労働者健康安全機構 中部労災病院,1476,https://www2.njss.info/organizations/proc/1476,愛知県,1,1445,1083
労働者健康安全機構 長崎労災病院,1489,https://www2.njss.info/organizations/proc/1489,長崎県,1,703,327
労働者健康安全機構 千葉労災看護専門学校,1556,https://www2.njss.info/organizations/proc/1556,千葉県,1,26,8
労働者健康安全機構 横浜労災看護専門学校,1557,https://www2.njss.info/organizations/proc/1557,神奈川県,1,75,46
宇宙航空研究開発機構(JAXA) 筑波宇宙センター,2489,https://www2.njss.info/organizations/proc/2489,茨城県,1,55,47
国立病院機構 北海道東北グループ 北海道医療センター,4203,https://www2.njss.info/organizations/proc/4203,北海道,1,880,528
高齢・障害・求職者雇用支援機構 静岡支部,4412,https://www2.njss.info/organizations/proc/4412,静岡県,1,2579,458
高齢・障害・求職者雇用支援機構 三重支部,4414,https://www2.njss.info/organizations/proc/4414,三重県,1,797,341
国立文化財機構(NICH) 京都国立博物館,4507,https://www2.njss.info/organizations/proc/4507,京都府,1,427,174
高齢・障害・求職者雇用支援機構 青森支部,5792,https://www2.njss.info/organizations/proc/5792,青森県,1,938,347
高齢・障害・求職者雇用支援機構 群馬支部,5800,https://www2.njss.info/organizations/proc/5800,群馬県,1,1022,181
高齢・障害・求職者雇用支援機構 滋賀支部,5849,https://www2.njss.info/organizations/proc/5849,滋賀県,1,789,249
高齢・障害・求職者雇用支援機構 京都支部,5850,https://www2.njss.info/organizations/proc/5850,京都府,1,1307,272
高齢・障害・求職者雇用支援機構 鳥取支部,5856,https://www2.njss.info/organizations/proc/5856,鳥取県,1,740,269
高齢・障害・求職者雇用支援機構 香川支部,5863,https://www2.njss.info/organizations/proc/5863,香川県,1,603,312
国立美術館 京都国立近代美術館,6293,https://www2.njss.info/organizations/proc/6293,京都府,1,159,30
地域医療機能推進機構(JCHO) 滋賀病院,7142,https://www2.njss.info/organizations/proc/7142,滋賀県,1,513,452
地域医療機能推進機構(JCHO) 京都鞍馬口医療センター,7143,https://www2.njss.info/organizations/proc/7143,京都府,1,512,410
地域医療機能推進機構(JCHO) 大阪病院,7144,https://www2.njss.info/organizations/proc/7144,大阪府,1,868,734
地域医療機能推進機構(JCHO) 大阪みなと中央病院,7145,https://www2.njss.info/organizations/proc/7145,大阪府,1,369,298
地域医療機能推進機構(JCHO) 大和郡山病院,7148,https://www2.njss.info/organizations/proc/7148,奈良県,1,301,266
地域医療機能推進機構(JCHO) 玉造病院,7149,https://www2.njss.info/organizations/proc/7149,島根県,1,355,281
地域医療機能推進機構(JCHO) 東京高輪病院,7164,https://www2.njss.info/organizations/proc/7164,東京都,1,529,353
地域医療機能推進機構(JCHO) 東京城東病院,7167,https://www2.njss.info/organizations/proc/7167,東京都,1,391,316
地域医療機能推進機構(JCHO) 東京蒲田医療センター,7168,https://www2.njss.info/organizations/proc/7168,東京都,1,363,320
地域医療機能推進機構(JCHO) 相模野病院,7171,https://www2.njss.info/organizations/proc/7171,神奈川県,1,461,405
地域医療機能推進機構(JCHO) 湯河原病院,7172,https://www2.njss.info/organizations/proc/7172,神奈川県,1,366,312
地域医療機能推進機構(JCHO) 山梨病院,7177,https://www2.njss.info/organizations/proc/7177,山梨県,1,616,534
地域医療機能推進機構(JCHO) 中京病院,7181,https://www2.njss.info/organizations/proc/7181,愛知県,1,1127,945
地域医療機能推進機構(JCHO) 金沢病院,7184,https://www2.njss.info/organizations/proc/7184,石川県,1,589,546
地域医療機能推進機構(JCHO) 登別病院,7189,https://www2.njss.info/organizations/proc/7189,北海道,1,205,173
地域医療機能推進機構(JCHO) 湯布院病院,7204,https://www2.njss.info/organizations/proc/7204,大分県,1,255,219
労働者健康安全機構 神戸労災病院,9142,https://www2.njss.info/organizations/proc/9142,兵庫県,1,117,53
国立美術館 国立映画アーカイブ,9280,https://www2.njss.info/organizations/proc/9280,東京都,1,15,11
国立高等専門学校機構 茨城工業高等専門学校,205,https://www2.njss.info/organizations/proc/205,茨城県,0,349,291
国立高等専門学校機構 一関工業高等専門学校,206,https://www2.njss.info/organizations/proc/206,岩手県,0,415,227
国立高等専門学校機構 佐世保工業高等専門学校,212,https://www2.njss.info/organizations/proc/212,長崎県,0,317,287
国立高等専門学校機構 【［閉鎖］詫間電波工業高等専門学校】,213,https://www2.njss.info/organizations/proc/213,香川県,0,29,23
国立文化財機構(NICH),228,https://www2.njss.info/organizations/proc/228,東京都,0,3046,2738
放送大学学園 放送大学 【［閉鎖］メディア教育開発センター(NIME)】,229,https://www2.njss.info/organizations/proc/229,千葉県,0,12,3
［閉鎖］国立女性教育会館(NWEC),235,https://www2.njss.info/organizations/proc/235,埼玉県,0,335,253
理化学研究所 筑波事業所,237,https://www2.njss.info/organizations/proc/237,茨城県,0,3148,2607
理化学研究所 播磨事業所,238,https://www2.njss.info/organizations/proc/238,兵庫県,0,9637,8760
理化学研究所 横浜事業所,239,https://www2.njss.info/organizations/proc/239,神奈川県,0,7924,7484
理化学研究所 神戸事業所,240,https://www2.njss.info/organizations/proc/240,兵庫県,0,5301,5057
農業・食品産業技術総合研究機構(NARO) 【［閉鎖］種苗管理センター(NCSS)】,291,https://www2.njss.info/organizations/proc/291,茨城県,0,413,332
農業・食品産業技術総合研究機構(NARO) 【［閉鎖］農業環境技術研究所】,292,https://www2.njss.info/organizations/proc/292,茨城県,0,1004,747
農業・食品産業技術総合研究機構(NARO) 【［閉鎖］農業生物資源研究所(NIAS)】,293,https://www2.njss.info/organizations/proc/293,茨城県,0,2345,1885
水産研究・教育機構 水産大学校,295,https://www2.njss.info/organizations/proc/295,山口県,0,435,395
［閉鎖］平和祈念事業特別基金,359,https://www2.njss.info/organizations/proc/359,東京都,0,176,97
統計センター(NSTAC),360,https://www2.njss.info/organizations/proc/360,東京都,0,841,631
［閉鎖］日本万国博覧会記念機構,386,https://www2.njss.info/organizations/proc/386,大阪府,0,496,442
住宅金融支援機構(JHF) 北海道支店,388,https://www2.njss.info/organizations/proc/388,北海道,0,44,37
住宅金融支援機構(JHF) 首都圏支店,390,https://www2.njss.info/organizations/proc/390,東京都,0,3,3
住宅金融支援機構(JHF) 東海支店,391,https://www2.njss.info/organizations/proc/391,愛知県,0,71,63
住宅金融支援機構(JHF) 近畿支店,392,https://www2.njss.info/organizations/proc/392,大阪府,0,115,107
住宅金融支援機構(JHF) 北陸支店,393,https://www2.njss.info/organizations/proc/393,石川県,0,18,2
住宅金融支援機構(JHF) 四国支店,394,https://www2.njss.info/organizations/proc/394,香川県,0,26,6
住宅金融支援機構(JHF) 中国支店,395,https://www2.njss.info/organizations/proc/395,広島県,0,47,38
住宅金融支援機構(JHF) 南九州支店,397,https://www2.njss.info/organizations/proc/397,熊本県,0,25,4
海技教育機構 【［閉鎖］航海訓練所(NIST)】,444,https://www2.njss.info/organizations/proc/444,神奈川県,0,926,666
海上災害防止センター(MDPC),446,https://www2.njss.info/organizations/proc/446,神奈川県,0,624,333
空港周辺整備機構 【［閉鎖］大阪国際空港事業本部】,452,https://www2.njss.info/organizations/proc/452,大阪府,0,84,73
水資源機構 渡良瀬川ダム総合管理所 思川開発建設所,461,https://www2.njss.info/organizations/proc/461,栃木県,0,400,18
水資源機構 【［閉鎖］武蔵水路改築建設所】,462,https://www2.njss.info/organizations/proc/462,埼玉県,0,85,0
水資源機構 利根川上流総合管理所 下久保ダム管理所,466,https://www2.njss.info/organizations/proc/466,埼玉県,0,110,17
水資源機構 利根川下流総合管理所 霞ヶ浦用水管理所,468,https://www2.njss.info/organizations/proc/468,茨城県,0,61,13
水資源機構 中部支社 木曽川上流ダム総合管理所 岩屋ダム管理所,474,https://www2.njss.info/organizations/proc/474,岐阜県,0,181,19
水資源機構 中部支社 木曽川中下流用水総合管理所 三重用水管理所,478,https://www2.njss.info/organizations/proc/478,三重県,0,522,158
水資源機構 関西・吉野川支社淀川本部 木津川ダム総合管理所 川上ダム管理所,480,https://www2.njss.info/organizations/proc/480,三重県,0,425,177
水資源機構 関西・吉野川支社淀川本部 桂川・猪名川ダム総合管理所,485,https://www2.njss.info/organizations/proc/485,京都府,0,194,33
水資源機構 関西・吉野川支社吉野川本部,486,https://www2.njss.info/organizations/proc/486,香川県,0,83,4
水資源機構 関西・吉野川支社吉野川本部 吉野川上流総合管理所 香川用水管理所,487,https://www2.njss.info/organizations/proc/487,香川県,0,149,16
水資源機構 関西・吉野川支社吉野川本部 吉野川下流総合管理所 旧吉野川河口堰管理所,489,https://www2.njss.info/organizations/proc/489,徳島県,0,262,6
水資源機構 筑後川局 筑後川上流総合管理所 両筑平野用水管理所,491,https://www2.njss.info/organizations/proc/491,福岡県,0,62,6
水資源機構 筑後川局 筑後川上流総合管理所 大山ダム管理所,492,https://www2.njss.info/organizations/proc/492,大分県,0,35,7
水資源機構 筑後川局 筑後川上流総合管理所 小石原川ダム管理所,493,https://www2.njss.info/organizations/proc/493,福岡県,0,246,9
水資源機構 筑後川局 筑後川下流総合管理所 筑後大堰管理室,496,https://www2.njss.info/organizations/proc/496,福岡県,0,147,9
［閉鎖］雇用・能力開発機構,603,https://www2.njss.info/organizations/proc/603,神奈川県,0,3440,1872
医薬基盤・健康・栄養研究所(NIBIOHN) 【［閉鎖］国立健康・栄養研究所】,610,https://www2.njss.info/organizations/proc/610,東京都,0,63,26
国立健康危機管理研究機構(JIHS) 国立国際医療センター,687,https://www2.njss.info/organizations/proc/687,東京都,0,7538,5990
環境省(MOE) 原子力規制委員会 【［閉鎖］原子力安全基盤機構(JNES)】,723,https://www2.njss.info/organizations/proc/723,東京都,0,2860,2367
国立病院機構 北海道東北グループ,761,https://www2.njss.info/organizations/proc/761,宮城県,0,191,142
国立病院機構 北海道東北グループ 札幌南病院,763,https://www2.njss.info/organizations/proc/763,北海道,0,31,29
国立病院機構 北海道東北グループ 西札幌病院,764,https://www2.njss.info/organizations/proc/764,北海道,0,144,50
国立病院機構 北海道東北グループ 函館医療センター,765,https://www2.njss.info/organizations/proc/765,北海道,0,717,559
国立病院機構 北海道東北グループ 旭川医療センター,766,https://www2.njss.info/organizations/proc/766,北海道,0,891,661
国立病院機構 北海道東北グループ 帯広病院,767,https://www2.njss.info/organizations/proc/767,北海道,0,768,518
国立病院機構 北海道東北グループ 【［閉鎖］八雲病院】,768,https://www2.njss.info/organizations/proc/768,北海道,0,327,249
国立病院機構 北海道東北グループ 八戸病院,770,https://www2.njss.info/organizations/proc/770,青森県,0,324,189
国立病院機構 北海道東北グループ 青森病院,771,https://www2.njss.info/organizations/proc/771,青森県,0,590,395
国立病院機構 北海道東北グループ 花巻病院,773,https://www2.njss.info/organizations/proc/773,岩手県,0,439,297
国立病院機構 北海道東北グループ 仙台西多賀病院,777,https://www2.njss.info/organizations/proc/777,宮城県,0,872,547
国立病院機構 北海道東北グループ 米沢病院,781,https://www2.njss.info/organizations/proc/781,山形県,0,477,340
国立病院機構 北海道東北グループ 福島病院,784,https://www2.njss.info/organizations/proc/784,福島県,0,570,441
国立病院機構 関東信越グループ 箱根病院,785,https://www2.njss.info/organizations/proc/785,神奈川県,0,567,313
国立病院機構 九州グループ,786,https://www2.njss.info/organizations/proc/786,福岡県,0,434,159
国立病院機構 東海北陸グループ 豊橋医療センター,790,https://www2.njss.info/organizations/proc/790,愛知県,0,1103,769
国立病院機構 関東信越グループ,792,https://www2.njss.info/organizations/proc/792,東京都,0,193,52
国立病院機構 中国四国グループ,797,https://www2.njss.info/organizations/proc/797,広島県,0,313,133
国立病院機構 中国四国グループ 鳥取医療センター,803,https://www2.njss.info/organizations/proc/803,鳥取県,0,778,475
国立病院機構 東海北陸グループ 榊原病院,804,https://www2.njss.info/organizations/proc/804,三重県,0,289,201
国立病院機構 近畿グループ,811,https://www2.njss.info/organizations/proc/811,大阪府,0,256,76
国立病院機構 中国四国グループ 浜田医療センター,818,https://www2.njss.info/organizations/proc/818,島根県,0,1096,849
国立病院機構 関東信越グループ  【［閉鎖］沼田病院】,820,https://www2.njss.info/organizations/proc/820,群馬県,0,572,325
国立病院機構 関東信越グループ まつもと医療センター,824,https://www2.njss.info/organizations/proc/824,長野県,0,1193,828
国立病院機構 中国四国グループ 南岡山医療センター,826,https://www2.njss.info/organizations/proc/826,岡山県,0,778,588
国立病院機構 関東信越グループ まつもと医療センター 【［閉鎖］松本病院・中信松本病院】,829,https://www2.njss.info/organizations/proc/829,長野県,0,5,4
国立病院機構 近畿グループ 紫香楽病院,832,https://www2.njss.info/organizations/proc/832,滋賀県,0,442,293
国立病院機構 近畿グループ 宇多野病院,841,https://www2.njss.info/organizations/proc/841,京都府,0,1070,900
国立病院機構 関東信越グループ 千葉医療センター,843,https://www2.njss.info/organizations/proc/843,千葉県,0,1012,855
国立病院機構 東海北陸グループ,847,https://www2.njss.info/organizations/proc/847,愛知県,0,364,162
国立病院機構 中国四国グループ 賀茂精神医療センター,850,https://www2.njss.info/organizations/proc/850,広島県,0,497,364
国立病院機構 東海北陸グループ 富山病院,851,https://www2.njss.info/organizations/proc/851,富山県,0,836,722
国立病院機構 関東信越グループ 下総精神医療センター,853,https://www2.njss.info/organizations/proc/853,千葉県,0,569,290
国立病院機構 東海北陸グループ 七尾病院,866,https://www2.njss.info/organizations/proc/866,石川県,0,667,543
国立病院機構 関東信越グループ 村山医療センター,871,https://www2.njss.info/organizations/proc/871,東京都,0,957,671
国立病院機構 関東信越グループ 【［閉鎖］南横浜病院】,880,https://www2.njss.info/organizations/proc/880,神奈川県,0,0,0
国立病院機構 東海北陸グループ 【［閉鎖］ 静岡富士病院】,881,https://www2.njss.info/organizations/proc/881,静岡県,0,254,204
国立病院機構 近畿グループ 奈良医療センター,884,https://www2.njss.info/organizations/proc/884,奈良県,0,782,652
国立病院機構 東海北陸グループ 天竜病院,885,https://www2.njss.info/organizations/proc/885,静岡県,0,1034,809
国立病院機構 九州グループ 沖縄病院,886,https://www2.njss.info/organizations/proc/886,沖縄県,0,710,539
国立病院機構 九州グループ 鹿児島医療センター,894,https://www2.njss.info/organizations/proc/894,鹿児島県,0,1419,1038
国立病院機構 九州グループ 大分医療センター,896,https://www2.njss.info/organizations/proc/896,大分県,0,1050,835
国立病院機構 九州グループ 都城医療センター,899,https://www2.njss.info/organizations/proc/899,宮崎県,0,1292,1112
国立病院機構 中国四国グループ 柳井医療センター,904,https://www2.njss.info/organizations/proc/904,山口県,0,676,524
国立病院機構 中国四国グループ 高松医療センター,907,https://www2.njss.info/organizations/proc/907,香川県,0,533,436
国立病院機構 中国四国グループ 【［閉鎖］善通寺病院】,908,https://www2.njss.info/organizations/proc/908,香川県,0,378,316
国立病院機構 中国四国グループ 愛媛医療センター,911,https://www2.njss.info/organizations/proc/911,愛媛県,0,844,601
国立病院機構 中国四国グループ 高知病院,912,https://www2.njss.info/organizations/proc/912,高知県,0,1269,1048
国立文化財機構(NICH) 九州国立博物館,1098,https://www2.njss.info/organizations/proc/1098,福岡県,0,716,312
国立美術館 国立新美術館(NACT),1101,https://www2.njss.info/organizations/proc/1101,東京都,0,425,160
国立美術館 東京国立近代美術館,1102,https://www2.njss.info/organizations/proc/1102,東京都,0,500,184
国立美術館 国立西洋美術館,1103,https://www2.njss.info/organizations/proc/1103,東京都,0,386,145
森林研究・整備機構 森林総合研究所 林木育種センター,1378,https://www2.njss.info/organizations/proc/1378,茨城県,0,557,498
森林研究・整備機構 森林総合研究所 北海道支所,1379,https://www2.njss.info/organizations/proc/1379,北海道,0,451,140
森林研究・整備機構 森林総合研究所 東北支所,1380,https://www2.njss.info/organizations/proc/1380,岩手県,0,88,50
森林研究・整備機構 森林総合研究所 関西支所,1381,https://www2.njss.info/organizations/proc/1381,京都府,0,178,70
森林研究・整備機構 森林総合研究所 四国支所,1382,https://www2.njss.info/organizations/proc/1382,高知県,0,55,52
森林研究・整備機構 森林総合研究所 九州支所,1383,https://www2.njss.info/organizations/proc/1383,熊本県,0,102,78
森林研究・整備機構 森林総合研究所 多摩森林科学園,1384,https://www2.njss.info/organizations/proc/1384,東京都,0,103,37
森林研究・整備機構 森林総合研究所 林木育種センター 北海道育種場,1385,https://www2.njss.info/organizations/proc/1385,北海道,0,78,70
森林研究・整備機構 森林総合研究所 林木育種センター 東北育種場,1386,https://www2.njss.info/organizations/proc/1386,岩手県,0,90,68
森林研究・整備機構 森林総合研究所 林木育種センター 関西育種場,1387,https://www2.njss.info/organizations/proc/1387,岡山県,0,121,102
森林研究・整備機構 森林総合研究所 林木育種センター 九州育種場,1389,https://www2.njss.info/organizations/proc/1389,熊本県,0,71,65
森林研究・整備機構 森林整備センター 東北北海道整備局,1390,https://www2.njss.info/organizations/proc/1390,宮城県,0,463,150
森林研究・整備機構 森林整備センター 関東整備局,1391,https://www2.njss.info/organizations/proc/1391,神奈川県,0,280,130
森林研究・整備機構 森林整備センター 中部整備局,1392,https://www2.njss.info/organizations/proc/1392,愛知県,0,278,91
森林研究・整備機構 森林整備センター 近畿北陸整備局,1393,https://www2.njss.info/organizations/proc/1393,京都府,0,194,119
森林研究・整備機構 森林整備センター 中国四国整備局,1394,https://www2.njss.info/organizations/proc/1394,岡山県,0,281,128
森林研究・整備機構 森林整備センター 九州整備局,1395,https://www2.njss.info/organizations/proc/1395,福岡県,0,224,134
家畜改良センター(NLBC) 新冠牧場,1433,https://www2.njss.info/organizations/proc/1433,北海道,0,952,847
家畜改良センター(NLBC) 岩手牧場,1436,https://www2.njss.info/organizations/proc/1436,岩手県,0,751,631
家畜改良センター(NLBC) 鳥取牧場,1441,https://www2.njss.info/organizations/proc/1441,鳥取県,0,183,130
家畜改良センター(NLBC) 熊本牧場,1442,https://www2.njss.info/organizations/proc/1442,熊本県,0,57,50
労働者健康安全機構 【［閉鎖］北海道中央労災病院】,1461,https://www2.njss.info/organizations/proc/1461,北海道,0,1044,686
労働者健康安全機構 釧路労災病院,1462,https://www2.njss.info/organizations/proc/1462,北海道,0,1811,1084
労働者健康安全機構 【［閉鎖］鹿島労災病院】,1467,https://www2.njss.info/organizations/proc/1467,茨城県,0,529,440
労働者健康安全機構 【［閉鎖］新潟労災病院】,1473,https://www2.njss.info/organizations/proc/1473,新潟県,0,622,446
労働者健康安全機構 旭労災病院,1477,https://www2.njss.info/organizations/proc/1477,愛知県,0,877,561
労働者健康安全機構 山口労災病院,1484,https://www2.njss.info/organizations/proc/1484,山口県,0,988,674
労働者健康安全機構 愛媛労災病院,1486,https://www2.njss.info/organizations/proc/1486,愛媛県,0,733,494
労働者健康安全機構 九州労災病院門司メディカルセンター,1488,https://www2.njss.info/organizations/proc/1488,福岡県,0,595,376
労働者健康安全機構 吉備高原医療リハビリテーションセンター,1491,https://www2.njss.info/organizations/proc/1491,岡山県,0,617,390
労働者健康安全機構 総合せき損センター,1492,https://www2.njss.info/organizations/proc/1492,福岡県,0,699,454
労働者健康安全機構 北海道産業保健総合支援センター,1494,https://www2.njss.info/organizations/proc/1494,北海道,0,16,15
労働者健康安全機構 青森産業保健総合支援センター,1495,https://www2.njss.info/organizations/proc/1495,青森県,0,0,0
労働者健康安全機構 岩手産業保健総合支援センター,1496,https://www2.njss.info/organizations/proc/1496,岩手県,0,1,1
労働者健康安全機構 宮城産業保健総合支援センター,1497,https://www2.njss.info/organizations/proc/1497,宮城県,0,96,94
労働者健康安全機構 秋田産業保健総合支援センター,1498,https://www2.njss.info/organizations/proc/1498,秋田県,0,3,3
労働者健康安全機構 山形産業保健総合支援センター,1499,https://www2.njss.info/organizations/proc/1499,山形県,0,2,2
労働者健康安全機構 福島産業保健総合支援センター,1500,https://www2.njss.info/organizations/proc/1500,福島県,0,1,1
労働者健康安全機構 茨城産業保健総合支援センター,1501,https://www2.njss.info/organizations/proc/1501,茨城県,0,5,5
労働者健康安全機構 栃木産業保健総合支援センター,1502,https://www2.njss.info/organizations/proc/1502,栃木県,0,3,3
労働者健康安全機構 群馬産業保健総合支援センター,1503,https://www2.njss.info/organizations/proc/1503,群馬県,0,1,1
労働者健康安全機構 埼玉産業保健総合支援センター,1504,https://www2.njss.info/organizations/proc/1504,埼玉県,0,0,0
労働者健康安全機構 千葉産業保健総合支援センター,1505,https://www2.njss.info/organizations/proc/1505,千葉県,0,3,3
労働者健康安全機構 東京産業保健総合支援センター,1506,https://www2.njss.info/organizations/proc/1506,東京都,0,128,126
労働者健康安全機構 神奈川産業保健総合支援センター,1507,https://www2.njss.info/organizations/proc/1507,神奈川県,0,0,0
労働者健康安全機構 富山産業保健総合支援センター,1508,https://www2.njss.info/organizations/proc/1508,富山県,0,1,1
労働者健康安全機構 石川産業保健総合支援センター,1509,https://www2.njss.info/organizations/proc/1509,石川県,0,3,3
労働者健康安全機構 福井産業保健総合支援センター,1510,https://www2.njss.info/organizations/proc/1510,福井県,0,4,4
労働者健康安全機構 山梨産業保健総合支援センター,1511,https://www2.njss.info/organizations/proc/1511,山梨県,0,3,3
労働者健康安全機構 長野産業保健総合支援センター,1512,https://www2.njss.info/organizations/proc/1512,長野県,0,2,1
労働者健康安全機構 岐阜産業保健総合支援センター,1513,https://www2.njss.info/organizations/proc/1513,岐阜県,0,0,0
労働者健康安全機構 静岡産業保健総合支援センター,1514,https://www2.njss.info/organizations/proc/1514,静岡県,0,3,3
労働者健康安全機構 愛知産業保健総合支援センター,1515,https://www2.njss.info/organizations/proc/1515,愛知県,0,57,57
労働者健康安全機構 三重産業保健総合支援センター,1516,https://www2.njss.info/organizations/proc/1516,三重県,0,5,3
労働者健康安全機構 滋賀産業保健総合支援センター,1517,https://www2.njss.info/organizations/proc/1517,滋賀県,0,3,3
労働者健康安全機構 京都産業保健総合支援センター,1518,https://www2.njss.info/organizations/proc/1518,京都府,0,2,2
労働者健康安全機構 大阪産業保健総合支援センター,1519,https://www2.njss.info/organizations/proc/1519,大阪府,0,163,161
労働者健康安全機構 兵庫産業保健総合支援センター,1520,https://www2.njss.info/organizations/proc/1520,兵庫県,0,2,2
労働者健康安全機構 奈良産業保健総合支援センター,1521,https://www2.njss.info/organizations/proc/1521,奈良県,0,4,4
労働者健康安全機構 和歌山産業保健総合支援センター,1522,https://www2.njss.info/organizations/proc/1522,和歌山県,0,1,1
労働者健康安全機構 鳥取産業保健総合支援センター,1523,https://www2.njss.info/organizations/proc/1523,鳥取県,0,3,3
労働者健康安全機構 島根産業保健総合支援センター,1524,https://www2.njss.info/organizations/proc/1524,島根県,0,0,0
労働者健康安全機構 岡山産業保健総合支援センター,1525,https://www2.njss.info/organizations/proc/1525,岡山県,0,7,7
労働者健康安全機構 広島産業保健総合支援センター,1526,https://www2.njss.info/organizations/proc/1526,広島県,0,93,92
労働者健康安全機構 山口産業保健総合支援センター,1527,https://www2.njss.info/organizations/proc/1527,山口県,0,65,5
労働者健康安全機構 徳島産業保健総合支援センター,1528,https://www2.njss.info/organizations/proc/1528,徳島県,0,3,3
労働者健康安全機構 香川産業保健総合支援センター,1529,https://www2.njss.info/organizations/proc/1529,香川県,0,90,90
労働者健康安全機構 愛媛産業保健推進連絡事務所,1530,https://www2.njss.info/organizations/proc/1530,愛媛県,0,3,3
労働者健康安全機構 高知産業保健総合支援センター,1531,https://www2.njss.info/organizations/proc/1531,高知県,0,2,2
労働者健康安全機構 福岡産業保健総合支援センター,1532,https://www2.njss.info/organizations/proc/1532,福岡県,0,118,117
労働者健康安全機構 佐賀産業保健総合支援センター,1533,https://www2.njss.info/organizations/proc/1533,佐賀県,0,0,0
労働者健康安全機構 長崎産業保健総合支援センター,1534,https://www2.njss.info/organizations/proc/1534,長崎県,0,1,1
労働者健康安全機構 熊本産業保健総合支援センター,1535,https://www2.njss.info/organizations/proc/1535,熊本県,0,0,0
労働者健康安全機構 大分産業保健総合支援センター,1536,https://www2.njss.info/organizations/proc/1536,大分県,0,3,3
労働者健康安全機構 宮崎産業保健総合支援センター,1537,https://www2.njss.info/organizations/proc/1537,宮崎県,0,3,3
労働者健康安全機構 鹿児島産業保健総合支援センター,1538,https://www2.njss.info/organizations/proc/1538,鹿児島県,0,5,5
労働者健康安全機構 沖縄産業保健総合支援センター,1539,https://www2.njss.info/organizations/proc/1539,沖縄県,0,1,1
労働者健康安全機構 【［閉鎖］北海道中央労災病院】【［閉鎖］治療就労両立支援センター】,1540,https://www2.njss.info/organizations/proc/1540,北海道,0,10,1
労働者健康安全機構 東北労災病院 治療就労両立支援センター,1541,https://www2.njss.info/organizations/proc/1541,宮城県,0,39,24
労働者健康安全機構 東京労災病院 治療就労両立支援センター,1542,https://www2.njss.info/organizations/proc/1542,東京都,0,17,14
労働者健康安全機構 関東労災病院 治療就労両立支援センター,1543,https://www2.njss.info/organizations/proc/1543,神奈川県,0,10,9
労働者健康安全機構 中部労災病院 治療就労両立支援センター,1544,https://www2.njss.info/organizations/proc/1544,愛知県,0,73,41
労働者健康安全機構 大阪ろうさい病院 治療就労両立支援センター,1545,https://www2.njss.info/organizations/proc/1545,大阪府,0,18,15
労働者健康安全機構 関西労災病院 治療就労両立支援センター,1546,https://www2.njss.info/organizations/proc/1546,兵庫県,0,13,11
労働者健康安全機構 九州労災病院 治療就労両立支援センター,1547,https://www2.njss.info/organizations/proc/1547,福岡県,0,26,12
労働者健康安全機構 【［閉鎖］労災リハビリテーションセンター工学センター】,1548,https://www2.njss.info/organizations/proc/1548,愛知県,0,1,0
労働者健康安全機構 【［閉鎖］海外勤務健康管理センター(JOHAC)】,1549,https://www2.njss.info/organizations/proc/1549,神奈川県,0,1,0
労働者健康安全機構 労災リハビリテーションセンター宮城作業所,1550,https://www2.njss.info/organizations/proc/1550,宮城県,0,10,0
労働者健康安全機構 労災リハビリテーションセンター千葉作業所,1551,https://www2.njss.info/organizations/proc/1551,千葉県,0,4,0
労働者健康安全機構 労災リハビリテーションセンター福井作業所,1552,https://www2.njss.info/organizations/proc/1552,福井県,0,10,0
労働者健康安全機構 労災リハビリテーションセンター長野作業所,1553,https://www2.njss.info/organizations/proc/1553,長野県,0,7,0
労働者健康安全機構 労災リハビリテーションセンター愛知作業所,1554,https://www2.njss.info/organizations/proc/1554,愛知県,0,4,0
労働者健康安全機構 釧路労災看護専門学校,1555,https://www2.njss.info/organizations/proc/1555,北海道,0,35,26
労働者健康安全機構 中部労災看護専門学校,1558,https://www2.njss.info/organizations/proc/1558,愛知県,0,26,16
労働者健康安全機構 大阪労災看護専門学校,1559,https://www2.njss.info/organizations/proc/1559,大阪府,0,32,20
労働者健康安全機構 関西労災看護専門学校,1560,https://www2.njss.info/organizations/proc/1560,兵庫県,0,29,22
労働者健康安全機構 岡山労災看護専門学校,1561,https://www2.njss.info/organizations/proc/1561,岡山県,0,26,10
労働者健康安全機構 熊本労災看護専門学校,1562,https://www2.njss.info/organizations/proc/1562,熊本県,0,76,50
労働者健康安全機構 中国労災病院治療就労両立支援センター,1563,https://www2.njss.info/organizations/proc/1563,広島県,0,52,21
森林研究・整備機構 【［閉鎖］森林総合研究所 森林農地整備センター 安房南部建設事業所】,1685,https://www2.njss.info/organizations/proc/1685,千葉県,0,2,2
労働者健康安全機構 労災リハビリテーション福岡作業所,1883,https://www2.njss.info/organizations/proc/1883,福岡県,0,0,0
製品評価技術基盤機構(NITE) 東北支所,1891,https://www2.njss.info/organizations/proc/1891,宮城県,0,0,0
製品評価技術基盤機構(NITE) 北関東支所,1892,https://www2.njss.info/organizations/proc/1892,群馬県,0,0,0
製品評価技術基盤機構(NITE) 中部支所,1893,https://www2.njss.info/organizations/proc/1893,愛知県,0,0,0
製品評価技術基盤機構(NITE) 北陸支所,1894,https://www2.njss.info/organizations/proc/1894,石川県,0,0,0
製品評価技術基盤機構(NITE) 中国支所,1895,https://www2.njss.info/organizations/proc/1895,広島県,0,0,0
製品評価技術基盤機構(NITE) 九州支所,1896,https://www2.njss.info/organizations/proc/1896,福岡県,0,0,0
労働者健康安全機構 労働安全衛生総合研究所登戸地区,1897,https://www2.njss.info/organizations/proc/1897,神奈川県,0,0,0
［閉鎖］雇用・能力開発機構 【［閉鎖］東北職業能力開発大学校】,1898,https://www2.njss.info/organizations/proc/1898,宮城県,0,0,0
［閉鎖］雇用・能力開発機構 【［閉鎖］長野センター松本職業能力開発促進センター】,1899,https://www2.njss.info/organizations/proc/1899,長野県,0,0,0
［閉鎖］雇用・能力開発機構 【［閉鎖］三重センター南伊勢職業能力開発促進センター】,1900,https://www2.njss.info/organizations/proc/1900,三重県,0,0,0
［閉鎖］雇用・能力開発機構 【［閉鎖］長崎センター佐世保職業能力開発促進センター】,1901,https://www2.njss.info/organizations/proc/1901,長崎県,0,0,0
［閉鎖］雇用・能力開発機構 【［閉鎖］宮崎センター延岡職業能力開発促進センター】,1902,https://www2.njss.info/organizations/proc/1902,宮崎県,0,0,0
航空大学校 帯広分校,2081,https://www2.njss.info/organizations/proc/2081,北海道,0,2,2
航空大学校 仙台分校,2082,https://www2.njss.info/organizations/proc/2082,宮城県,0,1,0
造幣局(MINT) 東京支局,2111,https://www2.njss.info/organizations/proc/2111,東京都,0,0,0
造幣局(MINT) 広島支局,2112,https://www2.njss.info/organizations/proc/2112,広島県,0,0,0
国立印刷局 研究所,2113,https://www2.njss.info/organizations/proc/2113,神奈川県,0,0,0
国立印刷局 王子工場,2114,https://www2.njss.info/organizations/proc/2114,東京都,0,0,0
国立印刷局 東京工場,2115,https://www2.njss.info/organizations/proc/2115,東京都,0,0,0
国立印刷局 【［閉鎖］虎の門工場】,2116,https://www2.njss.info/organizations/proc/2116,東京都,0,0,0
国立印刷局 小田原工場,2117,https://www2.njss.info/organizations/proc/2117,神奈川県,0,0,0
国立印刷局 静岡工場,2118,https://www2.njss.info/organizations/proc/2118,静岡県,0,0,0
国立印刷局 彦根工場,2119,https://www2.njss.info/organizations/proc/2119,滋賀県,0,0,0
国立印刷局 岡山工場,2120,https://www2.njss.info/organizations/proc/2120,岡山県,0,0,0
国民生活センター 東京事務所,2122,https://www2.njss.info/organizations/proc/2122,東京都,0,0,0
北方領土問題対策協会 札幌事務所,2123,https://www2.njss.info/organizations/proc/2123,北海道,0,0,0
農業・食品産業技術総合研究機構(NARO) 果樹研究所 盛岡拠点,2407,https://www2.njss.info/organizations/proc/2407,岩手県,0,0,0
農業・食品産業技術総合研究機構(NARO) 果樹研究所 興津拠点,2408,https://www2.njss.info/organizations/proc/2408,静岡県,0,0,0
農業・食品産業技術総合研究機構(NARO) 果樹研究所 安芸津拠点,2409,https://www2.njss.info/organizations/proc/2409,広島県,0,0,0
農業・食品産業技術総合研究機構(NARO) 果樹研究所 口之津拠点,2410,https://www2.njss.info/organizations/proc/2410,長崎県,0,0,0
農業・食品産業技術総合研究機構(NARO) 【［閉鎖］野菜茶業研究所】,2411,https://www2.njss.info/organizations/proc/2411,三重県,0,1196,0
農業・食品産業技術総合研究機構(NARO) 畜産草地研究所 那須拠点,2413,https://www2.njss.info/organizations/proc/2413,栃木県,0,0,0
農業・食品産業技術総合研究機構(NARO) 畜産草地研究所 御代田各拠点,2414,https://www2.njss.info/organizations/proc/2414,長野県,0,0,0
農業・食品産業技術総合研究機構(NARO) 動物衛生研究所 北海道支所,2415,https://www2.njss.info/organizations/proc/2415,北海道,0,0,0
農業・食品産業技術総合研究機構(NARO) 動物衛生研究所 海外病研究施設,2416,https://www2.njss.info/organizations/proc/2416,東京都,0,0,0
農業・食品産業技術総合研究機構(NARO) 北海道農業研究センター 紋別拠点,2417,https://www2.njss.info/organizations/proc/2417,北海道,0,0,0
農業・食品産業技術総合研究機構(NARO) 北海道農業研究センター 美唄拠点,2418,https://www2.njss.info/organizations/proc/2418,北海道,0,0,0
農業・食品産業技術総合研究機構(NARO) 東北農業研究センター 大仙拠点,2419,https://www2.njss.info/organizations/proc/2419,秋田県,0,0,0
農業・食品産業技術総合研究機構(NARO) 東北農業研究センター 福島拠点,2420,https://www2.njss.info/organizations/proc/2420,福島県,0,0,0
農業・食品産業技術総合研究機構(NARO) 近畿中国四国農業研究センター 綾部拠点,2421,https://www2.njss.info/organizations/proc/2421,京都府,0,0,0
農業・食品産業技術総合研究機構(NARO) 近畿中国四国農業研究センター 大田拠点,2422,https://www2.njss.info/organizations/proc/2422,島根県,0,0,0
農業・食品産業技術総合研究機構(NARO) 近畿中国四国農業研究センター 善通寺拠点,2423,https://www2.njss.info/organizations/proc/2423,香川県,0,0,0
農業・食品産業技術総合研究機構(NARO) 九州沖縄農業研究センター 久留米拠点,2424,https://www2.njss.info/organizations/proc/2424,福岡県,0,0,0
農業・食品産業技術総合研究機構(NARO) 九州沖縄農業研究センター 筑後拠点,2425,https://www2.njss.info/organizations/proc/2425,福岡県,0,0,0
農業・食品産業技術総合研究機構(NARO) 九州沖縄農業研究センター 都城拠点,2426,https://www2.njss.info/organizations/proc/2426,宮崎県,0,0,0
農業・食品産業技術総合研究機構(NARO) 九州沖縄農業研究センター 種子島拠点,2427,https://www2.njss.info/organizations/proc/2427,鹿児島県,0,0,0
森林研究・整備機構 森林整備センター 東北北海道整備局 札幌水源林整備事務所,2428,https://www2.njss.info/organizations/proc/2428,北海道,0,0,0
森林研究・整備機構 森林整備センター 東北北海道整備局 青森水源林整備事務所,2429,https://www2.njss.info/organizations/proc/2429,青森県,0,0,0
森林研究・整備機構 森林整備センター 東北北海道整備局 盛岡水源林整備事務所,2430,https://www2.njss.info/organizations/proc/2430,岩手県,0,0,0
森林研究・整備機構 森林整備センター 東北北海道整備局 秋田水源林整備事務所,2431,https://www2.njss.info/organizations/proc/2431,秋田県,0,0,0
森林研究・整備機構 森林整備センター 東北北海道整備局 山形水源林整備事務所,2432,https://www2.njss.info/organizations/proc/2432,山形県,0,0,0
森林研究・整備機構 森林整備センター 関東整備局 福島水源林整備事務所,2433,https://www2.njss.info/organizations/proc/2433,福島県,0,0,0
森林研究・整備機構 森林整備センター 関東整備局 宇都宮水源林整備事務所,2434,https://www2.njss.info/organizations/proc/2434,栃木県,0,0,0
森林研究・整備機構 森林整備センター 関東整備局 前橋水源林整備事務所,2435,https://www2.njss.info/organizations/proc/2435,群馬県,0,0,0
森林研究・整備機構 森林整備センター 関東整備局 新潟水源林整備事務所,2436,https://www2.njss.info/organizations/proc/2436,新潟県,0,0,0
森林研究・整備機構 森林整備センター 関東整備局 甲府水源林整備事務所,2437,https://www2.njss.info/organizations/proc/2437,山梨県,0,0,0
森林研究・整備機構 森林整備センター 関東整備局 静岡水源林整備事務所,2438,https://www2.njss.info/organizations/proc/2438,静岡県,0,0,0
森林研究・整備機構 森林整備センター 中部整備局 富山水源林整備事務所,2439,https://www2.njss.info/organizations/proc/2439,富山県,0,0,0
森林研究・整備機構 森林整備センター 中部整備局 長野水源林整備事務所,2440,https://www2.njss.info/organizations/proc/2440,長野県,0,0,0
森林研究・整備機構 森林整備センター 中部整備局 岐阜水源林整備事務所,2441,https://www2.njss.info/organizations/proc/2441,岐阜県,0,0,0
森林研究・整備機構 森林整備センター 中部整備局 津水源林整備事務所,2442,https://www2.njss.info/organizations/proc/2442,三重県,0,0,0
森林研究・整備機構 森林整備センター 近畿北陸整備局 金沢水源林整備事務所,2443,https://www2.njss.info/organizations/proc/2443,石川県,0,0,0
森林研究・整備機構 森林整備センター 近畿北陸整備局 福井水源林整備事務所,2444,https://www2.njss.info/organizations/proc/2444,福井県,0,0,0
森林研究・整備機構 森林整備センター 近畿北陸整備局 京都水源林整備事務所,2445,https://www2.njss.info/organizations/proc/2445,京都府,0,0,0
森林研究・整備機構 森林整備センター 近畿北陸整備局 神戸水源林整備事務所,2446,https://www2.njss.info/organizations/proc/2446,兵庫県,0,0,0
森林研究・整備機構 森林整備センター 近畿北陸整備局 奈良水源林整備事務所,2447,https://www2.njss.info/organizations/proc/2447,奈良県,0,0,0
森林研究・整備機構 森林整備センター 近畿北陸整備局 和歌山水源林整備事務所,2448,https://www2.njss.info/organizations/proc/2448,和歌山県,0,0,0
森林研究・整備機構 森林整備センター 中国四国整備局 鳥取水源林整備事務所,2449,https://www2.njss.info/organizations/proc/2449,鳥取県,0,0,0
森林研究・整備機構 森林整備センター 中国四国整備局 松江水源林整備事務所,2450,https://www2.njss.info/organizations/proc/2450,島根県,0,0,0
森林研究・整備機構 森林整備センター 中国四国整備局 広島水源林整備事務所,2451,https://www2.njss.info/organizations/proc/2451,広島県,0,0,0
森林研究・整備機構 森林整備センター 中国四国整備局 山口水源林整備事務所,2452,https://www2.njss.info/organizations/proc/2452,山口県,0,0,0
森林研究・整備機構 森林整備センター 中国四国整備局 徳島水源林整備事務所,2453,https://www2.njss.info/organizations/proc/2453,徳島県,0,0,0
森林研究・整備機構 森林整備センター 中国四国整備局 松山水源林整備事務所,2454,https://www2.njss.info/organizations/proc/2454,愛媛県,0,0,0
森林研究・整備機構 森林整備センター 中国四国整備局 高知水源林整備事務所,2455,https://www2.njss.info/organizations/proc/2455,高知県,0,0,0
森林研究・整備機構 森林整備センター 九州整備局 佐賀水源林整備事務所,2456,https://www2.njss.info/organizations/proc/2456,佐賀県,0,0,0
森林研究・整備機構 森林整備センター 九州整備局 熊本水源林整備事務所,2457,https://www2.njss.info/organizations/proc/2457,熊本県,0,0,0
森林研究・整備機構 森林整備センター 九州整備局 大分水源林整備事務所,2458,https://www2.njss.info/organizations/proc/2458,大分県,0,0,0
森林研究・整備機構 森林整備センター 九州整備局 宮崎水源林整備事務所,2459,https://www2.njss.info/organizations/proc/2459,宮崎県,0,0,0
森林研究・整備機構 森林整備センター 九州整備局 鹿児島水源林整備事務所,2460,https://www2.njss.info/organizations/proc/2460,鹿児島県,0,0,0
農林水産消費安全技術センター(FAMIC) 横浜事務所,2461,https://www2.njss.info/organizations/proc/2461,神奈川県,0,0,0
農林水産消費安全技術センター(FAMIC) 札幌センター,2462,https://www2.njss.info/organizations/proc/2462,北海道,0,0,0
農林水産消費安全技術センター(FAMIC) 仙台センター,2463,https://www2.njss.info/organizations/proc/2463,宮城県,0,0,0
農林水産消費安全技術センター(FAMIC) 名古屋センター,2464,https://www2.njss.info/organizations/proc/2464,愛知県,0,0,0
農林水産消費安全技術センター(FAMIC) 神戸センター,2465,https://www2.njss.info/organizations/proc/2465,兵庫県,0,0,0
農林水産消費安全技術センター(FAMIC) 福岡センター,2466,https://www2.njss.info/organizations/proc/2466,福岡県,0,0,0
農業・食品産業技術総合研究機構(NARO) 【［閉鎖］種苗管理センター(NCSS)】 【［閉鎖］十勝農場】,2467,https://www2.njss.info/organizations/proc/2467,北海道,0,0,0
農業・食品産業技術総合研究機構(NARO) 【［閉鎖］種苗管理センター(NCSS)】 【［閉鎖］上北農場】,2468,https://www2.njss.info/organizations/proc/2468,青森県,0,0,0
農業・食品産業技術総合研究機構(NARO) 【［閉鎖］種苗管理センター(NCSS)】 【［閉鎖］嬬恋農場】,2469,https://www2.njss.info/organizations/proc/2469,群馬県,0,0,0
農業・食品産業技術総合研究機構(NARO) 【［閉鎖］種苗管理センター(NCSS)】 【［閉鎖］八岳農場】,2470,https://www2.njss.info/organizations/proc/2470,長野県,0,0,0
農業・食品産業技術総合研究機構(NARO) 【［閉鎖］種苗管理センター(NCSS)】 【［閉鎖］西日本農場】,2471,https://www2.njss.info/organizations/proc/2471,岡山県,0,0,0
農業・食品産業技術総合研究機構(NARO) 【［閉鎖］種苗管理センター(NCSS)】 【［閉鎖］雲仙農場】,2472,https://www2.njss.info/organizations/proc/2472,長崎県,0,0,0
農業・食品産業技術総合研究機構(NARO) 【［閉鎖］種苗管理センター(NCSS)】 【［閉鎖］鹿児島農場】,2473,https://www2.njss.info/organizations/proc/2473,鹿児島県,0,0,0
農業・食品産業技術総合研究機構(NARO) 【［閉鎖］種苗管理センター(NCSS)】 【［閉鎖］沖縄農場】,2474,https://www2.njss.info/organizations/proc/2474,沖縄県,0,0,0
農業・食品産業技術総合研究機構(NARO) 【［閉鎖］農業生物資源研究所(NIAS)】 【［閉鎖］北杜地区】,2475,https://www2.njss.info/organizations/proc/2475,山梨県,0,0,0
国際農林水産業研究センター(JIRCAS) 熱帯・島嶼研究拠点,2476,https://www2.njss.info/organizations/proc/2476,沖縄県,0,0,0
水産研究・教育機構 【［閉鎖］水産総合研究センター 西海区水産研究所石垣支所】,2477,https://www2.njss.info/organizations/proc/2477,沖縄県,0,0,0
駐留軍等労働者労務管理機構(LMO) 本部横浜事務所,2478,https://www2.njss.info/organizations/proc/2478,神奈川県,0,0,0
駐留軍等労働者労務管理機構(LMO) 三沢支部,2479,https://www2.njss.info/organizations/proc/2479,青森県,0,0,0
駐留軍等労働者労務管理機構(LMO) 横田支部,2480,https://www2.njss.info/organizations/proc/2480,東京都,0,0,0
駐留軍等労働者労務管理機構(LMO) 横須賀支部,2481,https://www2.njss.info/organizations/proc/2481,神奈川県,0,0,0
駐留軍等労働者労務管理機構(LMO) 座間支部,2482,https://www2.njss.info/organizations/proc/2482,神奈川県,0,0,0
駐留軍等労働者労務管理機構(LMO) 岩国支部,2483,https://www2.njss.info/organizations/proc/2483,山口県,0,0,0
駐留軍等労働者労務管理機構(LMO) 佐世保支部,2484,https://www2.njss.info/organizations/proc/2484,長崎県,0,0,0
駐留軍等労働者労務管理機構(LMO) 沖縄支部,2485,https://www2.njss.info/organizations/proc/2485,沖縄県,0,0,0
量子科学技術研究開発機構(QST) 放射線医学総合研究所 那珂湊支所,2486,https://www2.njss.info/organizations/proc/2486,茨城県,0,0,0
教職員支援機構(NITS) 教員研修センター 東京事務所,2487,https://www2.njss.info/organizations/proc/2487,東京都,0,0,0
宇宙航空研究開発機構(JAXA) 調布航空宇宙センター,2488,https://www2.njss.info/organizations/proc/2488,東京都,0,0,0
宇宙航空研究開発機構(JAXA) 相模原キャンパス,2490,https://www2.njss.info/organizations/proc/2490,神奈川県,0,0,0
国立高等専門学校機構 香川高等専門学校,4202,https://www2.njss.info/organizations/proc/4202,香川県,0,574,454
高齢・障害・求職者雇用支援機構 静岡支部 東海職業能力開発大学校附属浜松職業能力開発短期大学校,4413,https://www2.njss.info/organizations/proc/4413,静岡県,0,237,47
高齢・障害・求職者雇用支援機構 近畿職業能力開発大学校,4434,https://www2.njss.info/organizations/proc/4434,大阪府,0,672,179
都市再生機構(UR) 東日本賃貸住宅本部 東日本公園事務所,4518,https://www2.njss.info/organizations/proc/4518,東京都,0,34,23
都市再生機構(UR) 東日本賃貸住宅本部 東京東住宅管理センター,4519,https://www2.njss.info/organizations/proc/4519,東京都,0,112,42
都市再生機構(UR) 東日本賃貸住宅本部 北多摩住宅管理センター,4520,https://www2.njss.info/organizations/proc/4520,東京都,0,118,67
都市再生機構(UR) 東日本賃貸住宅本部 東京北住宅管理センター,4521,https://www2.njss.info/organizations/proc/4521,東京都,0,97,38
都市再生機構(UR) 東日本賃貸住宅本部 南多摩住宅管理センター,4522,https://www2.njss.info/organizations/proc/4522,東京都,0,103,62
都市再生機構(UR) 東日本賃貸住宅本部 東京南住宅管理センター,4523,https://www2.njss.info/organizations/proc/4523,東京都,0,112,46
都市再生機構(UR) 東日本賃貸住宅本部 城北住宅管理センター,4524,https://www2.njss.info/organizations/proc/4524,東京都,0,65,26
都市再生機構(UR) 東日本賃貸住宅本部 北海道住宅管理センター,4525,https://www2.njss.info/organizations/proc/4525,北海道,0,63,17
都市再生機構(UR) 東日本賃貸住宅本部 赤羽台団地再生業務事務所,4526,https://www2.njss.info/organizations/proc/4526,東京都,0,0,0
都市再生機構(UR) 東日本賃貸住宅本部 東京団地再生業務事務所,4527,https://www2.njss.info/organizations/proc/4527,東京都,0,0,0
都市再生機構(UR) 東日本賃貸住宅本部 武蔵野団地再生業務事務所,4528,https://www2.njss.info/organizations/proc/4528,東京都,0,2,0
都市再生機構(UR) 東日本賃貸住宅本部 多摩団地再生業務事務所,4529,https://www2.njss.info/organizations/proc/4529,東京都,0,0,0
都市再生機構(UR) 東日本賃貸住宅本部 東日本工事事務所,4530,https://www2.njss.info/organizations/proc/4530,東京都,0,0,0
都市再生機構(UR) 東日本都市再生本部 北海道再開発事務所,4532,https://www2.njss.info/organizations/proc/4532,東京都,0,0,0
都市再生機構(UR) 東日本都市再生本部 仙台都市再生事務所,4533,https://www2.njss.info/organizations/proc/4533,宮城県,0,50,7
都市再生機構(UR) 東日本都市再生本部 勝田駅東口再開発事務所,4534,https://www2.njss.info/organizations/proc/4534,茨城県,0,17,5
都市再生機構(UR) 東日本都市再生本部 武蔵浦和再開発事務所,4535,https://www2.njss.info/organizations/proc/4535,埼玉県,0,16,3
都市再生機構(UR) 東日本都市再生本部 狭山再開発事務所,4536,https://www2.njss.info/organizations/proc/4536,埼玉県,0,3,0
都市再生機構(UR) 東日本都市再生本部 湊都市再生事務所,4537,https://www2.njss.info/organizations/proc/4537,東京都,0,15,3
都市再生機構(UR) 東日本都市再生本部 晴海・勝どき都市再生事務所,4538,https://www2.njss.info/organizations/proc/4538,東京都,0,15,1
都市再生機構(UR) 東日本都市再生本部 四谷駅前再開発事務所,4539,https://www2.njss.info/organizations/proc/4539,東京都,0,4,1
都市再生機構(UR) 東日本都市再生本部 墨田市街地整備事務所,4540,https://www2.njss.info/organizations/proc/4540,東京都,0,9,2
都市再生機構(UR) 東日本都市再生本部 三鷹再開発事務所,4541,https://www2.njss.info/organizations/proc/4541,東京都,0,13,0
都市再生機構(UR) 東日本都市再生本部 武蔵小金井駅南口再開発事務所,4542,https://www2.njss.info/organizations/proc/4542,東京都,0,9,3
都市再生機構(UR) 東日本都市再生本部 柏崎都市再生事務所,4543,https://www2.njss.info/organizations/proc/4543,新潟県,0,7,1
都市再生機構(UR) 東日本都市再生本部 静岡東部都市再生事務所,4544,https://www2.njss.info/organizations/proc/4544,静岡県,0,12,2
都市再生機構(UR) 【［閉鎖］首都圏ニュータウン本部】,4545,https://www2.njss.info/organizations/proc/4545,東京都,0,3620,2239
都市再生機構(UR) 【［閉鎖］首都圏ニュータウン本部】 【［閉鎖］千葉常磐開発事務所】,4546,https://www2.njss.info/organizations/proc/4546,千葉県,0,70,20
都市再生機構(UR) 【［閉鎖］首都圏ニュータウン本部】 【［閉鎖］千葉中部開発事務所】,4547,https://www2.njss.info/organizations/proc/4547,千葉県,0,21,5
都市再生機構(UR) 【［閉鎖］首都圏ニュータウン本部】 【［閉鎖］千葉東部開発事務所】,4548,https://www2.njss.info/organizations/proc/4548,千葉県,0,31,10
都市再生機構(UR) 【［閉鎖］首都圏ニュータウン本部】 【［閉鎖］木更津開発事務所】,4549,https://www2.njss.info/organizations/proc/4549,千葉県,0,33,14
都市再生機構(UR) 【［閉鎖］首都圏ニュータウン本部】 【［閉鎖］神奈川中部開発事務所】,4550,https://www2.njss.info/organizations/proc/4550,神奈川県,0,31,14
都市再生機構(UR) 【［閉鎖］首都圏ニュータウン本部】 【［閉鎖］埼玉中央開発事務所】,4551,https://www2.njss.info/organizations/proc/4551,埼玉県,0,60,21
都市再生機構(UR) 【［閉鎖］首都圏ニュータウン本部】 【［閉鎖］埼玉常磐開発事務所】,4552,https://www2.njss.info/organizations/proc/4552,埼玉県,0,40,12
都市再生機構(UR) 【［閉鎖］首都圏ニュータウン本部】 【［閉鎖］埼玉西部開発事務所】,4553,https://www2.njss.info/organizations/proc/4553,埼玉県,0,34,10
都市再生機構(UR) 【［閉鎖］首都圏ニュータウン本部】 【［閉鎖］埼玉東部開発事務所】,4554,https://www2.njss.info/organizations/proc/4554,埼玉県,0,42,14
都市再生機構(UR) 【［閉鎖］首都圏ニュータウン本部】 【［閉鎖］栃木開発事務所】,4555,https://www2.njss.info/organizations/proc/4555,栃木県,0,24,7
都市再生機構(UR) 【［閉鎖］首都圏ニュータウン本部】 【［閉鎖］大宮西部開発事務所】,4556,https://www2.njss.info/organizations/proc/4556,埼玉県,0,28,5
都市再生機構(UR) 【［閉鎖］首都圏ニュータウン本部】 【［閉鎖］千葉業務部】,4557,https://www2.njss.info/organizations/proc/4557,千葉県,0,67,55
都市再生機構(UR) 【［閉鎖］首都圏ニュータウン本部】 【［閉鎖］茨城事業部】,4558,https://www2.njss.info/organizations/proc/4558,茨城県,0,157,133
都市再生機構(UR) 【［閉鎖］首都圏ニュータウン本部】 【［閉鎖］つくば開発事務所】,4559,https://www2.njss.info/organizations/proc/4559,茨城県,0,0,0
都市再生機構(UR) 【［閉鎖］首都圏ニュータウン本部】 【［閉鎖］つくば開発事務所】 【［閉鎖］葛城事務所】,4560,https://www2.njss.info/organizations/proc/4560,茨城県,0,0,0
都市再生機構(UR) 【［閉鎖］首都圏ニュータウン本部】 【［閉鎖］ゆめみ野開発事務所】,4561,https://www2.njss.info/organizations/proc/4561,茨城県,0,0,0
都市再生機構(UR) 【［閉鎖］首都圏ニュータウン本部】 【［閉鎖］中根・金田台開発事務所】,4562,https://www2.njss.info/organizations/proc/4562,茨城県,0,0,0
都市再生機構(UR) 【［閉鎖］集合住宅歴史館】,4563,https://www2.njss.info/organizations/proc/4563,東京都,0,0,0
理化学研究所 計算科学研究センター,4694,https://www2.njss.info/organizations/proc/4694,兵庫県,0,1535,1389
高齢・障害・求職者雇用支援機構 関東職業能力開発大学校,4937,https://www2.njss.info/organizations/proc/4937,栃木県,0,328,5
水資源機構 中部支社 揖斐川・長良川総合管理所 木曽川水系連絡導水路建設所,4983,https://www2.njss.info/organizations/proc/4983,岐阜県,0,45,0
都市再生機構(UR) 西日本支社 【［閉鎖］関西文化学術研究都市事業本部】,5056,https://www2.njss.info/organizations/proc/5056,京都府,0,78,35
都市再生機構(UR) 【［閉鎖］宮城震災復興支援本部】,5059,https://www2.njss.info/organizations/proc/5059,宮城県,0,1239,1039
都市再生機構(UR) 【［閉鎖］岩手震災復興支援本部】,5060,https://www2.njss.info/organizations/proc/5060,岩手県,0,1029,932
高齢・障害・求職者雇用支援機構 職業能力開発総合大学校,5065,https://www2.njss.info/organizations/proc/5065,東京都,0,547,302
都市再生機構(UR) 中部支社 北勢・尾張都市再生事務所,5068,https://www2.njss.info/organizations/proc/5068,三重県,0,0,0
都市再生機構(UR) 中部支社 名古屋住宅管理センター,5069,https://www2.njss.info/organizations/proc/5069,愛知県,0,0,0
都市再生機構(UR) 中部支社 大曽根住宅管理センター,5070,https://www2.njss.info/organizations/proc/5070,愛知県,0,0,0
都市再生機構(UR) 中部支社 名古屋団地再生業務事務所,5071,https://www2.njss.info/organizations/proc/5071,愛知県,0,0,0
都市再生機構(UR) 中部支社 名古屋工事事務所,5072,https://www2.njss.info/organizations/proc/5072,愛知県,0,0,0
都市再生機構(UR) 中部支社 中部公園事務所,5073,https://www2.njss.info/organizations/proc/5073,愛知県,0,0,0
都市再生機構(UR) 西日本支社 募集販売センター,5074,https://www2.njss.info/organizations/proc/5074,大阪府,0,0,0
都市再生機構(UR) 西日本支社 うめきた都市再生事務所,5075,https://www2.njss.info/organizations/proc/5075,大阪府,0,0,0
都市再生機構(UR) 西日本支社 広島都市再生事務所,5076,https://www2.njss.info/organizations/proc/5076,広島県,0,0,0
都市再生機構(UR) 西日本支社 北大阪都市再生事務所,5077,https://www2.njss.info/organizations/proc/5077,大阪府,0,0,0
都市再生機構(UR) 西日本支社 彩都開発事務所,5078,https://www2.njss.info/organizations/proc/5078,大阪府,0,0,0
都市再生機構(UR) 西日本支社 和泉開発事務所,5079,https://www2.njss.info/organizations/proc/5079,大阪府,0,0,0
都市再生機構(UR) 西日本支社 神戸西開発事務所,5080,https://www2.njss.info/organizations/proc/5080,兵庫県,0,0,0
都市再生機構(UR) 西日本支社 名塩分室,5081,https://www2.njss.info/organizations/proc/5081,兵庫県,0,0,0
都市再生機構(UR) 西日本支社 千里エリア経営センター,5082,https://www2.njss.info/organizations/proc/5082,大阪府,0,0,0
都市再生機構(UR) 西日本支社 大阪住宅管理センター,5083,https://www2.njss.info/organizations/proc/5083,大阪府,0,0,0
都市再生機構(UR) 西日本支社 泉北住宅管理センター,5084,https://www2.njss.info/organizations/proc/5084,大阪府,0,0,0
都市再生機構(UR) 西日本支社 兵庫住宅管理センター,5085,https://www2.njss.info/organizations/proc/5085,兵庫県,0,0,0
都市再生機構(UR) 西日本支社 京都住宅管理センター,5086,https://www2.njss.info/organizations/proc/5086,京都府,0,0,0
都市再生機構(UR) 西日本支社 奈良住宅管理センター,5087,https://www2.njss.info/organizations/proc/5087,奈良県,0,0,0
都市再生機構(UR) 西日本支社 阪神住宅管理センター,5088,https://www2.njss.info/organizations/proc/5088,兵庫県,0,0,0
都市再生機構(UR) 九州支社 九州公園事務所,5089,https://www2.njss.info/organizations/proc/5089,福岡県,0,0,0
都市再生機構(UR) 九州支社 城野都市再生事務所,5090,https://www2.njss.info/organizations/proc/5090,福岡県,0,0,0
都市再生機構(UR) 九州支社 福岡東部開発事務所,5091,https://www2.njss.info/organizations/proc/5091,福岡県,0,0,0
都市再生機構(UR) 九州支社 沖縄都市再生事務所,5092,https://www2.njss.info/organizations/proc/5092,沖縄県,0,0,0
都市再生機構(UR) 九州支社 福岡団地再生業務事務所,5093,https://www2.njss.info/organizations/proc/5093,福岡県,0,0,0
都市再生機構(UR) 九州支社 福岡住宅管理センター,5094,https://www2.njss.info/organizations/proc/5094,福岡県,0,0,0
都市再生機構(UR) 九州支社 北九州住宅管理センター,5095,https://www2.njss.info/organizations/proc/5095,福岡県,0,0,0
都市再生機構(UR) 九州支社 UR福岡営業センター,5096,https://www2.njss.info/organizations/proc/5096,福岡県,0,0,0
都市再生機構(UR) 九州支社 北九州募集センター,5097,https://www2.njss.info/organizations/proc/5097,福岡県,0,0,0
都市再生機構(UR) 九州支社 黒崎募集センター,5098,https://www2.njss.info/organizations/proc/5098,福岡県,0,0,0
都市再生機構(UR) 長岡営業所,5099,https://www2.njss.info/organizations/proc/5099,新潟県,0,0,0
都市再生機構(UR) いわき営業所,5100,https://www2.njss.info/organizations/proc/5100,福島県,0,0,0
都市再生機構(UR) 岩手都市開発事務所,5101,https://www2.njss.info/organizations/proc/5101,岩手県,0,0,0
都市再生機構(UR) 浜北都市開発事務所,5102,https://www2.njss.info/organizations/proc/5102,静岡県,0,0,0
都市再生機構(UR) 山形都市開発事務所,5103,https://www2.njss.info/organizations/proc/5103,山形県,0,0,0
都市再生機構(UR) 今治都市開発事務所,5104,https://www2.njss.info/organizations/proc/5104,愛媛県,0,0,0
都市再生機構(UR) 本庄都市開発事務所,5105,https://www2.njss.info/organizations/proc/5105,埼玉県,0,0,0
都市再生機構(UR) 八戸営業所,5106,https://www2.njss.info/organizations/proc/5106,青森県,0,0,0
都市再生機構(UR) 東日本賃貸住宅本部 千葉地域 千葉住宅管理センター,5107,https://www2.njss.info/organizations/proc/5107,千葉県,0,0,0
都市再生機構(UR) 東日本賃貸住宅本部 千葉地域 千葉西住宅管理センター,5108,https://www2.njss.info/organizations/proc/5108,千葉県,0,0,0
都市再生機構(UR) 東日本賃貸住宅本部 千葉地域 松戸住宅管理センター,5109,https://www2.njss.info/organizations/proc/5109,千葉県,0,0,0
都市再生機構(UR) 東日本賃貸住宅本部 千葉地域 松戸住宅管理センター茨城分室,5110,https://www2.njss.info/organizations/proc/5110,茨城県,0,0,0
都市再生機構(UR) 東日本賃貸住宅本部 埼玉地域 東武動物公園駅前都市再生事務所,5111,https://www2.njss.info/organizations/proc/5111,埼玉県,0,0,0
都市再生機構(UR) 東日本賃貸住宅本部 埼玉地域 東埼玉住宅管理センター,5112,https://www2.njss.info/organizations/proc/5112,埼玉県,0,0,0
都市再生機構(UR) 東日本賃貸住宅本部 埼玉地域 浦和住宅管理センター,5113,https://www2.njss.info/organizations/proc/5113,埼玉県,0,0,0
都市再生機構(UR) 東日本賃貸住宅本部 埼玉地域 西埼玉住宅管理センター,5114,https://www2.njss.info/organizations/proc/5114,埼玉県,0,0,0
都市再生機構(UR) 東日本賃貸住宅本部 埼玉地域 埼玉団地再生業務事務所 草加松原分室,5115,https://www2.njss.info/organizations/proc/5115,埼玉県,0,0,0
都市再生機構(UR) 東日本賃貸住宅本部 神奈川地域 殿町基盤整備現地事務所,5116,https://www2.njss.info/organizations/proc/5116,神奈川県,0,0,0
都市再生機構(UR) 東日本賃貸住宅本部 神奈川地域 横浜住宅管理センター,5117,https://www2.njss.info/organizations/proc/5117,神奈川県,0,0,0
都市再生機構(UR) 東日本賃貸住宅本部 神奈川地域 神奈川西住宅管理センター,5118,https://www2.njss.info/organizations/proc/5118,神奈川県,0,0,0
都市再生機構(UR) 東日本賃貸住宅本部 神奈川地域 横浜南住宅管理センター,5119,https://www2.njss.info/organizations/proc/5119,神奈川県,0,0,0
都市再生機構(UR) 東日本賃貸住宅本部 神奈川地域 神奈川工事事務所,5120,https://www2.njss.info/organizations/proc/5120,神奈川県,0,0,0
都市再生機構(UR) 東日本賃貸住宅本部 神奈川地域 神奈川団地再生業務事務所,5121,https://www2.njss.info/organizations/proc/5121,神奈川県,0,0,0
住宅金融支援機構(JHF) 北関東支店,5140,https://www2.njss.info/organizations/proc/5140,群馬県,0,0,0
国立病院機構 中国四国グループ 岡山医療センター 岡山市立金川病院,5177,https://www2.njss.info/organizations/proc/5177,岡山県,0,24,0
高齢・障害・求職者雇用支援機構 北海道支部 北海道職業能力開発促進センター旭川訓練センター,5766,https://www2.njss.info/organizations/proc/5766,北海道,0,26,15
高齢・障害・求職者雇用支援機構 北海道支部 北海道職業能力開発促進センター釧路訓練センター,5767,https://www2.njss.info/organizations/proc/5767,北海道,0,16,13
高齢・障害・求職者雇用支援機構 北海道支部 北海道職業能力開発促進センター函館訓練センター,5769,https://www2.njss.info/organizations/proc/5769,北海道,0,21,17
高齢・障害・求職者雇用支援機構 岩手支部,5793,https://www2.njss.info/organizations/proc/5793,岩手県,0,434,200
高齢・障害・求職者雇用支援機構 山形支部,5795,https://www2.njss.info/organizations/proc/5795,山形県,0,418,155
高齢・障害・求職者雇用支援機構 福島支部 福島職業能力開発促進センターいわき訓練センター,5797,https://www2.njss.info/organizations/proc/5797,福島県,0,33,10
高齢・障害・求職者雇用支援機構 福島支部 福島職業能力開発促進センター会津訓練センター,5798,https://www2.njss.info/organizations/proc/5798,福島県,0,21,10
高齢・障害・求職者雇用支援機構 千葉支部 千葉職業能力開発促進センター君津訓練センター,5803,https://www2.njss.info/organizations/proc/5803,千葉県,0,64,28
高齢・障害・求職者雇用支援機構 千葉支部 千葉職業能力開発促進センター高度訓練センター,5804,https://www2.njss.info/organizations/proc/5804,千葉県,0,87,56
高齢・障害・求職者雇用支援機構 神奈川支部,5805,https://www2.njss.info/organizations/proc/5805,神奈川県,0,817,328
高齢・障害・求職者雇用支援機構 長野支部 長野職業能力開発促進センター松本訓練センター,5811,https://www2.njss.info/organizations/proc/5811,長野県,0,23,5
高齢・障害・求職者雇用支援機構 愛知支部 中部職業能力開発促進センター名古屋港湾労働分所,5813,https://www2.njss.info/organizations/proc/5813,愛知県,0,10,0
高齢・障害・求職者雇用支援機構 三重支部 三重職業能力開発促進センター伊勢訓練センター,5814,https://www2.njss.info/organizations/proc/5814,三重県,0,24,3
高齢・障害・求職者雇用支援機構 大阪支部 関西職業能力開発促進センター大阪港湾労働分所,5851,https://www2.njss.info/organizations/proc/5851,大阪府,0,1,0
高齢・障害・求職者雇用支援機構 兵庫支部 兵庫職業能力開発促進センター加古川訓練センター,5853,https://www2.njss.info/organizations/proc/5853,兵庫県,0,28,9
高齢・障害・求職者雇用支援機構 鳥取支部 鳥取職業能力開発促進センター米子訓練センター,5857,https://www2.njss.info/organizations/proc/5857,鳥取県,0,47,22
高齢・障害・求職者雇用支援機構 島根支部,5858,https://www2.njss.info/organizations/proc/5858,島根県,0,574,306
高齢・障害・求職者雇用支援機構 徳島支部,5862,https://www2.njss.info/organizations/proc/5862,徳島県,0,200,103
高齢・障害・求職者雇用支援機構 愛媛支部,5864,https://www2.njss.info/organizations/proc/5864,愛媛県,0,387,140
高齢・障害・求職者雇用支援機構 福岡支部 福岡職業能力開発促進センター飯塚訓練センター,5867,https://www2.njss.info/organizations/proc/5867,福岡県,0,7,1
高齢・障害・求職者雇用支援機構 佐賀支部,5868,https://www2.njss.info/organizations/proc/5868,佐賀県,0,348,74
高齢・障害・求職者雇用支援機構 長崎支部 長崎職業能力開発促進センター佐世保訓練センター,5869,https://www2.njss.info/organizations/proc/5869,長崎県,0,14,10
高齢・障害・求職者雇用支援機構 熊本支部 熊本職業能力開発促進センター荒尾訓練センター,5871,https://www2.njss.info/organizations/proc/5871,熊本県,0,33,14
高齢・障害・求職者雇用支援機構 宮崎支部 宮崎職業能力開発促進センター延岡訓練センター,5873,https://www2.njss.info/organizations/proc/5873,宮崎県,0,43,19
森林研究・整備機構 森林保険センター,6108,https://www2.njss.info/organizations/proc/6108,神奈川県,0,161,146
国立美術館 国立国際美術館,6294,https://www2.njss.info/organizations/proc/6294,大阪府,0,180,26
地域医療機能推進機構(JCHO) 北海道東北地区事務所,7136,https://www2.njss.info/organizations/proc/7136,東京都,0,0,0
地域医療機能推進機構(JCHO) 関東地区事務所,7137,https://www2.njss.info/organizations/proc/7137,東京都,0,589,0
地域医療機能推進機構(JCHO) 東海北陸地区事務所,7138,https://www2.njss.info/organizations/proc/7138,愛知県,0,0,0
地域医療機能推進機構(JCHO) 近畿四国地区事務所,7139,https://www2.njss.info/organizations/proc/7139,大阪府,0,1,1
地域医療機能推進機構(JCHO) 九州地区事務所,7140,https://www2.njss.info/organizations/proc/7140,福岡県,0,59,54
地域医療機能推進機構(JCHO) 星ヶ丘医療センター,7146,https://www2.njss.info/organizations/proc/7146,大阪府,0,883,779
地域医療機能推進機構(JCHO) 神戸中央病院,7147,https://www2.njss.info/organizations/proc/7147,兵庫県,0,733,668
地域医療機能推進機構(JCHO) 船橋中央病院,7163,https://www2.njss.info/organizations/proc/7163,千葉県,0,894,741
地域医療機能推進機構(JCHO) りつりん病院,7190,https://www2.njss.info/organizations/proc/7190,香川県,0,400,322
地域医療機能推進機構(JCHO) 宇和島病院,7191,https://www2.njss.info/organizations/proc/7191,愛媛県,0,428,380
地域医療機能推進機構(JCHO) 福岡ゆたか中央病院,7197,https://www2.njss.info/organizations/proc/7197,福岡県,0,452,401
地域医療機能推進機構(JCHO) 松浦中央病院,7199,https://www2.njss.info/organizations/proc/7199,長崎県,0,221,160
地域医療機能推進機構(JCHO) 宮崎江南病院,7205,https://www2.njss.info/organizations/proc/7205,宮崎県,0,371,292
大学改革支援・学位授与機構,7585,https://www2.njss.info/organizations/proc/7585,東京都,0,401,316
国際観光振興機構〈日本政府観光局〉(JNTO) バンコク事務所,7716,https://www2.njss.info/organizations/proc/7716,東京都,0,24,2
水資源機構 筑後川局 筑後川下流総合管理所 福岡導水管理所,7862,https://www2.njss.info/organizations/proc/7862,福岡県,0,151,11
国立重度知的障害者総合施設のぞみの園,7972,https://www2.njss.info/organizations/proc/7972,群馬県,0,91,59
奄美群島振興開発基金,7974,https://www2.njss.info/organizations/proc/7974,鹿児島県,0,8,2
海上・港湾・航空技術研究所,7976,https://www2.njss.info/organizations/proc/7976,東京都,0,0,0
労働者健康安全機構 アスベスト疾患研究・研修センター,9138,https://www2.njss.info/organizations/proc/9138,岡山県,0,3,3
水資源機構 筑後川局 筑後川上流総合管理所 朝倉ダム総合事業所,9140,https://www2.njss.info/organizations/proc/9140,福岡県,0,120,36
国立文化財機構(NICH) アジア太平洋無形文化遺産研究センター,9194,https://www2.njss.info/organizations/proc/9194,大阪府,0,1,0
国立高等専門学校機構 東京都立産業技術高等専門学校,9204,https://www2.njss.info/organizations/proc/9204,東京都,0,0,0
国立高等専門学校機構 大阪公立大学工業高等専門学校,9226,https://www2.njss.info/organizations/proc/9226,大阪府,0,0,0
国立美術館 国立工芸館,9231,https://www2.njss.info/organizations/proc/9231,石川県,0,24,13
国立文化財機構(NICH) 皇居三の丸尚蔵館,9235,https://www2.njss.info/organizations/proc/9235,東京都,0,13,5
国立高等専門学校機構 阿南工業高等専門学校,9237,https://www2.njss.info/organizations/proc/9237,徳島県,0,20,15
国立高等専門学校機構 旭川工業高等専門学校,9238,https://www2.njss.info/organizations/proc/9238,北海道,0,18,4
国立高等専門学校機構 沼津工業高等専門学校,9241,https://www2.njss.info/organizations/proc/9241,静岡県,0,18,1
森林研究・整備機構,9285,https://www2.njss.info/organizations/proc/9285,茨城県,0,0,0
労働者健康安全機構 東北労災看護専門学校,9586,https://www2.njss.info/organizations/proc/9586,宮城県,0,1,0
男女共同参画機構(JGEPA),9792,https://www2.njss.info/organizations/proc/9792,埼玉県,0,0,0
国立高等専門学校機構 東京工業高等専門学校,9797,https://www2.njss.info/organizations/proc/9797,東京都,0,7,5
水資源機構 筑後川局 筑後川下流総合管理所,7860,https://www2.njss.info/organizations/proc/7860,福岡県,6,103,60
